Voltage (V),Current (A),Reactive Power (kVAR),Power Factor,Solar Power (kW),Wind Power (kW),Temperature (°C),Humidity (%),Predicted Load (kW)
224.9816047538945,22.587628239668867,13.823578503059393,0.9114487186101355,28.59979391417964,15.745420811097684,34.44770862233466,22.71596183102212,1.5724048618603352
248.02857225639664,56.48059000094403,13.101961154527991,0.9412035353259294,40.27161646499932,18.937426375000857,20.171590863154986,33.07407697617906,6.864343176430475
239.2797576724562,87.92985440825879,45.4064744455308,0.8101122957101997,38.008046489507954,34.18189572808721,41.17183690064445,78.18720635629597,7.020289113854989
233.94633936788148,74.56136420890832,13.2277637926258,0.8999697839056797,7.694995234688684,13.600175442395685,33.39348717207724,73.6737849436835,17.068836309199895
216.24074561769746,81.62330904683772,14.325536580302918,0.8872190359544997,7.462473487073695,34.78598739248685,19.716116506708627,44.544988402000286,9.746578444062253
216.2397808134481,67.58441983751814,38.210514858480224,0.9498792904291851,13.408718387245667,3.5253772390676597,43.87014172443621,46.37674394419487,18.39991340539561
212.323344486728,70.76627362919598,23.03725228007646,0.9674608945155025,18.05373631705186,31.071937488345228,30.55096390005962,57.34881034875056,9.959263585397082
244.6470458309974,85.67358689870534,39.05881729080388,0.7529176251545728,20.42277907042413,33.90190532218946,17.18695355614965,20.016870327959417,11.433934188386756
234.04460046972835,28.718460841622665,4.202941720654877,0.9117647805741103,33.98486084166726,7.27270611349355,33.80498713245201,36.887103522661945,0.0
238.3229031118418,51.49537154609835,24.89098848999583,0.7624405917887349,2.83402160829177,17.21386129488802,22.59596721038431,34.57622660257501,12.251344426563424
210.8233797718321,26.01489697286221,2.647066408980849,0.8817260796185654,1.7336352113033193,6.619990986546225,39.11080355631907,37.533806272483446,3.2372145545382147
248.79639408647978,98.82846075968146,4.070006969312372,0.8190318549704828,19.595528147195452,28.26416515976871,39.534662206985715,76.4134089773409,15.579174201439061
243.29770563201686,94.68563727022826,45.41543521387614,0.8236263838853138,34.85818460689902,21.41391072246627,44.368420675639854,39.57716995825102,17.752616238742934
218.49356442713105,8.74554708000806,7.823023184762163,0.8347100408285656,9.671767147824129,25.412933868332843,30.05608593073511,33.40649254351037,0.0
217.27299868828402,72.0296413889904,27.088613431485637,0.8991101877719064,32.07522406281259,7.859478678248446,28.648706391832114,55.29844225551221,15.267888791261193
217.33618039413736,92.89859015448825,21.14368452743462,0.8301719917605046,12.991406897014974,8.46983448209678,37.60426816339442,80.59515254609124,15.829290877032516
222.1696897183815,22.154657787096685,18.01982298668329,0.9258477721416674,44.30430544067582,1.6598930203962547,18.974119690257798,36.89447926862499,0.11256213877417975
230.99025726528953,58.9547969024998,45.09183393867635,0.8470865725377287,44.78449721333082,12.882701407829188,31.407465413793727,25.497536995495906,6.513681880332929
227.27780074568463,91.97138827086397,2.0693464419989853,0.7664047680743901,14.864360214066325,22.389786453347,31.38742800392553,44.94833150947653,13.931979096570565
221.64916560792167,8.22486796565089,33.525694622603865,0.9381023621961857,11.499687698162026,34.317396559893155,17.684193684311616,72.33562771954846,0.0
234.47411578889518,71.25492538844979,48.20632727646397,0.8185819979022494,20.565198603311565,26.677097898347228,27.539522565207406,58.54833812863562,10.983658921371227
215.57975442608168,33.248155700392324,28.448240989630253,0.853864051103823,12.026579259007436,17.415852935990056,40.59854395701606,77.17553587020433,8.589382852896712
221.68578594140874,92.81763856077039,46.904300639621496,0.9145065319732564,33.61919216458518,38.12480457576551,40.68460865983981,87.17145033264637,12.116185033749622
224.65447373174766,97.25053329070994,3.5606360850151644,0.8297894777156909,41.30323422741428,28.769808023033274,17.97712994759043,75.4863733726132,3.982398019788593
228.24279936868143,94.70531646577622,21.520872634633907,0.7635805574752117,33.65460654556085,37.206608114502004,17.721626482434925,62.26621551906274,6.197971907045005
241.40703845572054,50.05035058245906,13.747731757140507,0.8397410512830753,41.21752236246748,21.103518930886626,22.880864310058058,54.53391116366664,2.494027025143397
217.9869512863344,86.89405184398477,36.81022728405576,0.9766676598466328,19.84960811037371,10.356170991725584,41.24298187661981,22.804836044378668,21.503715693134332
230.56937753654447,85.23219286083169,49.08355743436509,0.904016255351654,7.815848535443043,2.1130674545888795,18.867077552204968,88.90253851698289,21.959506018668062
233.6965827544817,35.31454495810928,13.569973059768143,0.9111549956801297,36.89754736987961,29.04339405935402,36.599904078823386,46.84367858025298,1.607028627246051
211.85801650879992,83.74697004431435,33.05455547222965,0.9017477168730336,18.023725257077693,4.852119920221365,18.034968588393095,30.655974974180676,13.157520169107075
234.30179407605755,8.515725297971798,10.706784005227266,0.7977581133502648,33.56354126145663,12.111005130878688,33.69413561243476,66.66961987775197,0.0
216.82096494749166,61.64563845579504,28.701182474008885,0.8504001273845472,13.532197099088282,21.298836315355896,25.682018973574344,39.900180236682154,9.042309016577875
212.60206371941118,26.85083954233179,23.732691847728475,0.9302255516071964,4.061481740333633,22.576663511189906,38.66741888897601,61.004478965173334,5.1889587971302475
247.95542149013335,16.453854148841486,48.62826115194532,0.7743294954127582,49.62908977438817,24.023327879485443,22.010713464760908,61.073753549121385,0.0
248.62528132298237,12.31055415477487,30.81783636212686,0.8166846662615309,7.810075396529964,6.6502132139880255,34.176054881698796,51.20108746320084,6.112500233785344
242.33589392465845,71.14743370842328,18.12581223225412,0.8163165860318049,49.42104969817405,15.189496192865949,22.07047603727655,78.52830308815298,3.938442212323362
222.18455076693482,37.288121557966285,6.590693459508735,0.8536845426226815,48.86399662832236,24.687769084678667,36.409808493364615,38.54769430888101,0.0
213.90688456025535,73.85284329523233,8.411094608011794,0.9852884978261244,39.69090519540198,38.79275458535139,41.21034103682246,51.40428141324139,4.619511238314771
237.36932106048627,11.208852375899525,12.04052956761052,0.7662006112041173,32.97114810409988,29.105245507987547,18.8040539738028,57.638449001368,0.0
227.60609974958405,34.95258209390798,13.297366405674602,0.8744882386513428,28.890352512554234,36.90415028375831,40.99787065786511,66.45373045371097,0.0
214.88152939379114,56.251672775657035,42.68018683421575,0.7930475236829305,43.305077268891736,30.48848233256708,32.80725763242894,74.87802953539126,1.9726934047665363
229.8070764044508,80.11870065970153,28.49991662584372,0.9829623708983386,14.471976080974397,23.668678755696018,18.81331472601072,47.63650980147793,15.11394942790875
211.37554084460874,35.28148777854664,26.646154657343956,0.7771928411345914,23.38406062424385,7.680934765453782,27.82625566079136,65.22328608676173,4.086522009607075
246.3728160831513,64.45968076151587,6.623674721591656,0.8468642405667819,30.969498468325096,26.667426075700522,19.825808804552935,30.54276671479634,5.060138150544968
220.35119926400068,89.16788608243778,43.14684497412232,0.9270923963603055,20.559523793474554,24.935182638396284,36.010436665997084,85.2853670379735,15.61417758269962
236.50089137415927,63.50700287731893,36.4179008572157,0.9190930627265869,21.3743227045134,24.098766818290656,37.76604403253849,46.81411644947025,13.990126246883019
222.46844304357643,27.131150101595207,4.315749733100078,0.8514548728545437,16.51423337510422,19.59143471952963,18.17389560818397,71.06649953835068,0.0
230.80272084711243,7.318074247871111,35.68391976425867,0.8331658003086524,28.2115908342268,21.146264159571025,30.18419558083933,21.423875731752435,0.0
231.86841117373118,87.65939302058834,27.633372649789656,0.8454269708526889,42.5287264007558,13.377701084724162,39.438751680777514,34.36310000333649,16.966480362435924
217.3941782210211,7.0205940307867785,5.004541941592135,0.8134263031580734,10.076418900315643,20.772507705692128,43.08489124652989,54.09577810265046,0.0
248.78338511058234,88.09665890499895,23.456731434904167,0.799279905289632,46.72165193767207,7.90223622713913,30.4055360022531,81.47767274126426,8.146580483053015
241.0053129344446,55.24902773258514,24.750118069372302,0.8659295274141336,34.45438268741148,32.20697589441507,43.50837670834221,56.9078604965474,5.9275806292414295
247.57995766256755,94.21143135872514,9.122952468000513,0.8144481014562257,41.16366063400151,7.431078187948312,31.070669113680893,85.09093376057153,7.961084864974285
245.79309401710594,80.88440739849821,47.33920920301384,0.81899079957534,27.809534631500583,3.3986515955786567,26.82571483799724,53.865782760795746,15.815170012618035
233.91599915244342,99.80374050066706,42.64879320255243,0.9076214552338937,38.97583507120317,17.449841054286296,40.44609385658686,54.33143677151649,21.35524134541317
246.87496940092467,38.317622467912464,33.782094529126304,0.9824489596079742,0.8100198669733605,26.332297580242475,29.78948131374267,28.38227519503723,6.959598030493561
213.5397000820768,77.88288744845705,23.652482489029754,0.89487292813425,40.91902123897676,17.508672997341655,29.15707531693569,76.18593709065539,3.931778644846176
217.8393144967658,43.183436792878005,21.176511537640916,0.768475072095592,2.006942954268326,11.070165278052343,29.70937468229485,37.287578872694375,5.7719277347519204
211.80909155642152,50.58818392887134,32.89769989039675,0.7681400673249761,44.49566881814312,22.32684735561763,40.40355005609236,82.97287425606206,3.08915522033992
223.01321323053057,64.61301900574516,27.72616160093837,0.9783415730029358,49.59813736193217,13.880093416487998,39.958246250641565,83.75769542312773,9.115909074714889
225.54709158757927,87.99932584770218,4.051382188212395,0.82134978967376,14.70337310883889,37.31470760506532,27.105599773206336,86.03170783119047,8.499503911078234
220.85396127095584,98.48792957393303,26.112629789746254,0.7720960766597941,10.515927814289682,36.90580558414288,24.99899579611575,56.4161342372163,14.382789907182296
243.14950036607718,77.98597431712923,40.513777244409134,0.8937707009160916,38.26816819290204,20.09487279888382,29.757840721173878,67.3965649348551,14.599819947948271
224.2701330677436,44.68784430589671,23.502754002250946,0.8996757067896639,12.651317046012661,13.11535976073034,32.18317529211327,74.49611160431644,12.053243415667733
221.23738038749522,45.028915216321664,3.5458723001591523,0.9056411568284851,43.278119158610174,29.485296558265564,22.15011631883991,29.171023305532593,0.0
231.70784332632994,75.07031865094469,39.527631769817624,0.8141764866858099,5.142129607873835,1.4685177393226656,38.81865254146771,62.067003649824805,14.204145311806666
215.6369689989905,27.68382884798872,10.866825324662745,0.753626564211474,6.297759818967913,18.99076024174605,29.59448297197269,22.400853091231816,1.3153748877148772
242.0878792301616,15.495040747482493,13.6724209095139,0.9816036886690732,48.957577755030776,13.45293577081334,25.021366452598787,54.82962583721081,0.0
212.98202574719085,38.68910497587377,9.070611318182499,0.8102143309658646,33.69194491350023,36.82143540410219,18.204629788919718,30.838987713415918,0.0
249.47547746402068,32.287704207137764,17.18053817870338,0.9122463091326114,42.34436122144764,0.4801210909073017,22.16535481210821,32.80460481734593,1.2578476322800394
240.8897907718663,33.14927144331906,38.08082377874312,0.9195911687708903,16.2164688675759,22.112595028733963,43.47843515267951,45.55332966848211,9.002841032162904
217.9486272613669,27.192736349741445,26.44990711569293,0.8964017800990766,33.82418747603022,29.62654324266504,24.152990604585796,50.27060167015521,0.5053104361416652
210.2208846849441,8.99885301545438,11.039182433384916,0.8250977746112755,29.71209136542986,19.40071950096165,20.06577868101106,63.622069717253105,0.0
242.61845713819338,6.698023799674312,44.01367382945,0.8150631009033757,30.15750600614735,3.4161212065088664,28.820183749649797,25.209989290696097,2.8199568064681824
238.2742937539047,98.833627024923,44.09951089262493,0.8934403878486488,34.126622976886075,38.89845560111609,24.21263230080746,55.258423286621124,14.715898243146446
239.1602867216395,45.63844770490692,43.65834282725434,0.9578629520668059,28.76795865645493,20.720417255043916,16.054777508135825,32.78375911771708,6.890913179856252
240.85081386743784,41.51103148016976,12.701014357695424,0.9772160949416149,21.453118465133297,24.567449772760455,24.69435651838252,60.178262252221934,6.112339431782419
212.96178606936363,69.56649185584163,23.110727864868416,0.7754173930569018,13.796134719027343,9.464391308300293,31.323258718184057,64.61832285828285,11.330666234832513
224.3386291417709,25.734119347181096,49.26449315090288,0.7871588670234527,38.4290665456601,19.339923404272152,31.551371160599007,58.96964795869977,4.577230175299555
214.6347623810052,95.24631247527141,38.82861133918953,0.9767367021079392,11.31362150015931,17.165979678332874,25.69676763530666,71.68068573348154,17.420850030782116
244.52413703502373,79.70277636947745,2.331203640052431,0.9267684548003502,34.61771530772071,2.9958336800793495,28.41908268757802,43.492647096863095,11.312839114193105
234.93192507310232,13.494045219664654,4.195024971764111,0.9619185179591455,11.666641132466331,4.246414141898689,43.96553754704299,73.55746141431916,2.4439080236427793
223.23592099410598,44.670173699568196,23.732637463804306,0.7986318321924823,31.266508497722693,33.49890078475098,26.32045431690935,50.293695719573556,1.254001567224317
212.54233401144094,88.51623921840564,45.551790087216446,0.8910206090662565,37.35391335645144,9.59279808826361,22.74680439779949,53.89291488258178,16.08190778640892
222.4392928686265,94.74954211768397,27.396388099682998,0.9182735026601937,10.93569444532696,7.798330859945222,22.304011322002804,65.367148908275,19.802705485513798
223.00733288106989,49.403143568737626,25.392812893680222,0.9132268525072734,2.997165043065414,20.19645805000557,28.732938381124026,21.285086879945677,7.563827864662922
239.18424713352255,63.27408197501723,6.168211297874898,0.8479564058080076,6.548687149708704,30.74988525450052,37.78560446150832,65.77959549941738,11.102019949919722
235.50229885420853,20.868224878747146,33.182225131490405,0.753694774005914,30.299848363551273,2.4778607431595168,21.179645525654195,63.300960435048076,3.159517758517403
245.48850970305307,99.16101948301277,41.283054869411046,0.8899022536330231,42.47232031128678,23.072316785530234,36.27888381422304,41.68929817272959,11.766014244892991
228.88859700647797,27.008811631427122,19.640580367870555,0.8107443694031061,2.2498410617712183,4.768417713622934,15.634494700482488,26.005599942964263,6.584972624337039
214.78376983753208,94.55951854283694,39.00498069534105,0.8580610190742937,36.70756295208231,1.4584420330247383,27.56798933951838,26.36548149391288,11.96542545360504
238.52979148891978,66.716431654275,48.25935604113977,0.9798194436201162,17.065932297502606,2.1097580864886956,38.2759519560836,84.625662288966,17.273486886866312
240.43140194467588,62.73499551349162,10.984556497256765,0.8457684762341844,23.926418495976126,33.36656432833765,25.16198867323294,68.24955248580861,3.517786333145815
232.45108790277985,53.705408546568314,26.643151928542324,0.9515523855994624,46.44297749227828,4.718899345122463,31.912113043361984,28.897182963951828,7.761086248585144
240.83868719818244,26.913632113187074,15.0697599461442,0.7952497453798203,16.598575236792275,1.806054576491678,21.149376984777323,44.97062185162345,4.362166610484157
229.75182385457563,21.770163040523286,39.849866532658126,0.9113905195260069,23.2668466969743,17.51599548571649,37.25986173378517,61.47380957311175,0.5545626303013651
230.90931317527975,25.94618986166666,29.30207492817672,0.9844816690653464,0.6841207380340553,33.75973887768099,16.56837309806279,78.49001935634541,6.216216288596933
227.10164073434197,22.71163490370418,32.09453845996488,0.7744543442095049,4.0799360002419185,10.496335059572077,40.57627934626501,23.056265009910597,3.9747376975477318
211.0167650697638,79.06052498884156,40.09779382117881,0.751996786134526,12.929579556739201,16.868504701036656,20.945891592650042,36.56431920290062,13.146744672314622
214.31565707973218,38.26189962083936,20.40255316046029,0.8540598702318274,1.3926120410537202,1.596901302550049,41.231940951249925,82.2824293206766,8.959170396005074
211.25716742746937,10.495054273522655,45.83941335194512,0.7722301159323282,31.56876630241255,17.963140565395037,25.57587723901552,20.641588512867155,0.0
235.45641645055122,97.06474986337707,27.118414495060858,0.9296122439222956,21.319917840081125,23.104523225485348,36.6805072342346,34.097937195572115,19.07058617197839
222.57423924305306,88.95965907152544,8.739786318932053,0.9694916793236541,27.407260136401103,22.836282150085793,24.576758933585655,87.13169231810761,13.43488080014866
230.34282764658812,93.13646690354523,35.09905679027132,0.8541650334501021,8.732359294816478,13.297067686974607,42.177350137039426,62.938129256551974,22.876352676539334
246.30265895704372,99.51624315141136,39.869806171474465,0.8120907941173058,14.796601471830806,12.62132722652542,18.79911376555123,38.31699566462545,19.8151606144727
219.971689165955,21.520048675851292,16.521322176308807,0.8542567965615864,33.191223742636254,4.264944757463915,20.35559367817796,24.689376607709335,0.0487092345264466
226.4153169214252,42.64299179575258,43.00178359293889,0.9236274762840002,48.26513618151999,14.671932825850735,29.790903754764066,21.97339383130555,1.9780795034589285
240.22204554172194,77.03265519188868,45.40101948352255,0.752172998779289,2.52083868011046,3.979786754918586,17.458153171144385,37.13215557458491,18.59477134205929
219.1519266196649,71.12195871511027,14.568319881512638,0.8914689574763273,44.519216042763304,30.663837788482063,20.879405541052858,81.70400737122372,3.7712491179424057
213.07919639315173,19.62011110228623,49.19255216304588,0.897190004372971,28.844060065560424,38.650971909927435,43.31299146636043,49.113955800825664,0.0
221.59005811655072,82.50414687410868,7.894864874389162,0.9030451792550245,28.195978337781185,38.802978266668276,44.29468983443661,70.42333584161952,4.446638701742091
216.44885149016017,26.321854324482764,10.898767751722009,0.8080852991954105,25.013926760388017,34.60284397501575,26.28777987991266,84.27995247659705,0.0
247.1879060937029,26.262673408149194,10.027017122663281,0.9213726536107504,3.4697042952091692,24.031685973584764,42.698580630418064,48.56283231219716,5.549440985387858
242.32481518257669,56.01257017487429,44.80549579038565,0.7719339567196264,4.493842586808033,28.034627889755196,31.34474027020295,33.3894159726178,10.061118490403233
235.33615026041693,61.3292938099618,33.060335063923134,0.7978248807520322,30.045600282954304,11.408232107216563,23.09227397621301,56.19825515998436,5.68652468722987
244.8584236075087,60.10818974459206,8.453109877891372,0.9605928111970756,17.047928571777916,25.230816806904826,36.07196163241796,83.5658580941898,12.544460851493172
242.14688307596458,13.691249552786713,22.5758475000491,0.9272935561743759,45.86340332888403,18.225981977595097,34.76705419724571,76.30620898963905,0.0
217.46280235544143,88.35878194988614,31.1496032284203,0.7532989329627229,20.329526867973613,19.280693591077302,44.673759573262004,24.608089035420765,12.406926245711643
245.70235993959912,30.232004045927077,5.089740164479782,0.8096103024887521,7.1640729351320545,30.31106241500632,22.9514186222785,68.48009600543072,0.0
231.57368967662603,17.303917521866396,44.238402051959596,0.8014575559183595,35.7359416751018,11.276734223890067,35.161785079852066,60.032826572126766,0.0
242.2976062065625,89.43106758755283,40.376573236635224,0.8149935187288734,14.667671072050492,12.721584467780795,16.560712650883406,83.52242234424978,20.289142304492774
245.84365199693974,95.78689233182656,25.755131905255272,0.8094143448671728,26.27351536779466,36.985671645145466,18.40938116090158,28.57369917952081,12.029326485530282
222.72013899887455,86.90212364021781,48.38920414769935,0.765006310978283,34.8916392752585,2.24897179403889,15.117551248532799,57.38252792432596,11.984534955276656
214.40207698110706,81.90402709886342,21.470287984479885,0.8601457239832369,45.01320556010352,19.425371936533615,44.98382043179019,81.56238854583246,8.603648780354806
219.11740650167766,67.24798816070707,49.22140563278839,0.9258560339486797,39.6095597400838,36.51203201631447,39.068210914424334,48.70166507192201,5.490716220519701
227.08431154505024,57.33145020786824,33.72807994137773,0.8956156139321847,33.818053393636205,24.41452031272628,38.60169044200622,53.739644241300695,9.538874819622343
242.72059063689971,13.263742191583964,32.09889238944314,0.9114892004635391,33.98165911975718,21.85628296848528,30.29178225864539,24.93224743668708,0.2897382979113625
244.42922333025373,43.80305524171638,9.131789869493465,0.7694758028486974,47.296232201604326,9.989767169174208,24.0020124871632,39.47005483142376,0.0
210.27808522124764,40.40540911616983,44.21446015692756,0.9783577704424289,14.791204874826802,13.73101956257793,19.537928533880276,42.71546544182631,7.435599665940183
230.42989210310265,29.676609457230988,21.946994708110143,0.9512380401223259,0.05560470980937038,34.08193663218772,23.54024216539391,86.15857141214208,0.0
226.69644012595117,73.72491080041557,8.949436883341487,0.943221676438959,13.597727969909934,22.368725270738324,26.279136657874176,39.78671523788113,8.93511337252697
218.8843124188292,52.10819483248323,1.6177684788121929,0.9475161132100242,10.8945689813372,20.589687750271196,37.68930290940882,52.26081146887564,4.906988177962678
214.7946146933473,12.699390511226554,28.428028498280746,0.9738505219518627,33.09172925569991,3.983188541601157,31.18985366709457,66.99130964949958,0.11328325614851659
223.50460685614513,25.917404185232076,26.84258148401114,0.8806209518672874,31.68557998827645,0.6411262582049249,17.32450879666448,31.35283606855142,1.5658683307068275
247.71638815650078,69.90958254766161,36.24832749608877,0.7980676842882302,29.67306913523619,38.54740754748197,15.540870268767367,54.05096709993121,3.815216398997327
222.9281172808302,12.232431651578517,44.6226445978723,0.8980280658846098,0.812172160472685,15.079446691473667,18.069965386021895,71.69773276331352,4.8279634988425215
230.75162486973466,85.86465683463302,4.890922647508447,0.9282915584803053,36.438902722532376,24.128522483980174,27.31496141092138,80.67986491189461,10.351076110393784
238.1207583558071,52.03892006632756,36.84332802667775,0.9271001744049661,16.176520624274577,3.1886029274913996,42.99578751147055,63.83814922636987,14.664411801117962
224.54518409517175,50.65572484603156,10.183185260781528,0.8751477658000513,33.25279945033156,27.324571428921864,34.12207443627665,66.83374607218636,0.0
248.87128330883843,61.27873954265417,43.050675604701034,0.7664300926400587,27.828921425107666,37.302668348238434,39.05477699626545,28.839843080919827,6.528551256782405
248.49789179768445,83.34469176288917,41.13411217922115,0.8390671052232307,17.13654627139536,23.026610119896787,28.991237835136456,86.2043548072443,13.292892982534743
220.07129183301456,38.04187475070834,27.498893994291674,0.9709839860312057,6.7288133552053875,5.044612895016423,25.849982495851286,29.280185423913764,11.87239595452484
229.8899402356954,69.41153449311103,35.801897132542265,0.8902677383417823,4.720944883024048,23.26886109893907,18.25201118149868,74.22710560272589,15.832579297426529
222.0351323926708,58.74453657960015,16.40315554600367,0.8791996663813713,41.57591665561118,30.653888524186094,41.277990665586145,38.53714252448232,0.4626038351922075
221.3936197750987,30.367685666095024,24.087227047707916,0.8145248434517265,45.9198771040779,16.256661462960746,38.49480087083708,85.3515200590876,0.0
211.47547789418132,88.46984870374001,41.26020798781311,0.838427740779979,32.48940233821498,35.193509917658716,20.043542927931753,70.39716775586356,8.115072139567577
234.38257335919587,80.75547205265816,23.503994661487482,0.9648830613967606,5.171705743024169,25.94731813429458,30.367816916287815,72.76695990848583,12.699757993032936
230.10716092915447,67.55292429255041,18.532115000946646,0.9099511314064406,20.101360844412035,35.969956731568104,29.62124423763735,35.334142114191835,8.735099322199423
212.05915004999957,85.80526426395298,25.216409915264695,0.9389728864205599,36.446960005257864,24.940212449893487,33.752746580595854,51.01279836446126,9.71852013994662
221.14585856946445,87.39294909118122,41.5842133694237,0.8590429015362372,38.9910442005034,5.251518880192969,43.38560681973784,63.24692362125005,16.284484055854303
246.33063543866615,72.2944827879283,17.425194321172764,0.9012593326694779,5.91093111455443,12.387668444207565,32.39314325287439,73.89815327446206,14.174959596528858
219.5824756266789,84.51626619454885,9.514318063651446,0.8096120660983698,0.0015359422691207936,8.071797930098278,31.206518003358557,27.27715631386727,15.087451220839439
215.7957948836489,71.25978885858194,35.88868699620826,0.9193105992680367,35.60685229403025,36.353059908674496,16.509687988039918,87.36557215181699,2.963729592381423
229.57811041110253,69.61337331722854,41.47293242269601,0.852624320088801,17.829808799310282,30.41600269149931,16.887224280540718,82.31544693881892,8.48110297936697
249.42601816442402,63.76808093044251,5.931236447653133,0.856210923555539,12.724066580913012,27.05593475640024,20.620403739803667,38.924401334690906,6.27536938407317
219.68221086046003,76.50808075797592,12.753831525041292,0.9058373578984515,0.644873489476272,12.038652785264867,15.974123150752447,77.59321701226324,17.3560931333495
236.88542189623513,20.067485002842,7.956627498288701,0.9747073491525424,27.014970338074985,7.361790882008541,37.30058686710037,56.28267461278764,0.0
240.4647846131487,88.6827221238982,18.049129167526164,0.765361523186069,42.557536771299084,30.258043519556473,36.6999091198189,52.32645370934131,7.159435198834029
219.505501759696,87.82513513579704,23.06719796636522,0.9479383769632819,47.881582313629394,18.96631783516319,19.08168703294929,42.01038740679838,8.352464364105211
239.1286539444744,7.778491888283119,37.69249051120202,0.8201719464989263,28.287247530664462,9.031582086025164,40.082367023858424,60.667801064211474,0.0
224.71132530877014,83.45259130365245,32.906231659202035,0.8565406690815307,25.72306638699471,24.664879126611005,19.64358104538336,71.09223823925184,11.154342741265344
235.29223322374318,17.24263740997729,31.425499806443128,0.7552591989060021,4.252819274462055,1.613354085538079,24.035267609920766,48.76530334739308,7.514083932771333
235.34118843043578,36.83629115461848,18.266372383873065,0.8222510586802352,27.443640077129988,13.04681016513014,22.46930697484095,64.04534351058044,0.21700806777003034
231.43098736299035,75.63328434770274,42.230930101153234,0.8706314982312313,18.99895394826973,18.742279783645387,26.169212957191434,68.95190448087126,15.77808069154211
213.61159080217632,20.27219012458928,24.093071202510064,0.7634822585633854,30.356764044178846,5.918333364376234,22.639912976698856,69.77852719107001,0.0
243.41209982356952,82.70686729131091,48.976141962742574,0.8678629750519596,19.436317393827334,39.38617910363358,29.66852779315356,23.63762686918262,13.091571565364914
222.83120259886942,84.05274690598549,32.072964776491105,0.9725065509260226,12.014956172518337,8.363894583584571,27.222236440640565,80.18234639795469,20.186833190960186
217.46074041599417,53.20943470727944,7.186972336660634,0.7752943723458733,4.748263761418825,5.214125201730622,44.597084723379794,52.07773203355335,8.860810172530375
211.63100566219055,5.60665781309919,34.132700541696266,0.933465774738121,15.745922229444787,8.141394955475857,16.67779050384677,38.369125718735006,1.0595125454935979
233.63571772752968,32.26862265161671,16.930096756153247,0.8483210528102383,4.832241714387614,30.76244532638897,19.265441291620547,36.92351552357771,2.841664576598501
237.1025744736913,63.60805724569551,34.630032637618775,0.9072416914858411,8.844847541199197,17.02022637087371,16.584776817258074,53.81098789907653,13.911661912836843
210.66351315711424,98.21268691260524,4.412416259957881,0.812456783516455,49.366807928977295,22.61663759010152,33.77523584947127,82.07820776282715,0.9122604414859872
230.48372233197125,65.02228506658349,9.56919042162201,0.7882781430099259,22.20517784533093,0.8403662794544298,16.635278322411587,46.484330717785284,5.375820926659438
219.05983100791752,29.681340201095182,42.93112568638353,0.7885110274250944,26.593588325250828,1.3772523429325823,40.0931921212837,72.48080227484803,7.131290987601009
235.806911616378,65.23054179446308,12.13179829415223,0.7669180669543547,43.680926436860766,17.833021993080646,30.358158920457832,26.777311169105303,5.190901988620822
216.97465716019965,56.29861107300627,42.01501513690406,0.7945552091762983,49.77844502453439,32.66620972806494,30.81022873744601,53.32396915057432,0.0
237.63750952409865,79.08531253935864,14.684528334266112,0.9094126523973524,29.135722467234075,35.40955514830261,31.847835231365828,89.4180298274915,8.525381135219952
225.4694138520215,15.16316068856105,32.501213592876674,0.9616057468424419,40.623691052208585,3.4682627038256086,20.124411189186322,73.9306461954636,0.0
247.46919954946938,77.29765073769266,35.01337810198172,0.9453901645418789,16.347051216833762,21.53452408404091,20.930709093434626,34.73699419084291,17.51888741550573
215.50083776583972,56.420324974230475,26.120082904107594,0.9144322343698762,15.287197872364555,36.52918745117082,24.56451968619014,55.10090315885375,2.366302767095548
223.64265404201035,96.4842403666045,15.960223158139833,0.7765036472186646,20.13518604972801,15.518910175915455,32.804892474655546,36.35373345539966,11.864701877625368
214.53894084962357,37.47785577367518,11.419574442183709,0.8194049871110279,33.625363133682455,33.182633257134746,21.303533278206437,48.66926490837565,0.0
246.98774473114253,65.09907984772508,2.626278373558885,0.8243536500773926,34.10958446275494,5.347826175977448,18.489951813997838,74.60588166144754,8.223829358714209
245.09357413523924,93.54267002345166,15.893373660795467,0.8099896671354291,15.76197173247254,37.41577958671195,44.10350659255296,73.98573707032826,18.59700841754986
220.31766510860623,14.73842415911453,33.004976736032866,0.8736013583303336,6.660496206831434,30.056932701252105,15.659454444288688,35.96702645316696,0.6235215154008966
236.39936184136715,94.03670628746286,46.97693610397565,0.8785329155711215,31.619812823275428,37.653375711476066,39.08092216008065,84.5556322708402,11.39579354038138
242.68888800804865,70.34914361857727,43.68901963088955,0.8356526340410665,6.416293109438226,27.06468934210026,38.64105448725066,61.479772793537876,16.02958900053898
232.2080324639785,11.44452061499133,38.53717405022983,0.8349093980967446,28.924625411466504,14.536157279977079,23.91642341535288,46.59470036734102,1.9449612332611736
231.18602313424026,33.59153885994755,39.63391981941164,0.9488533434974595,34.67110640281545,37.5272469009889,19.068798480219403,55.135490654660245,0.0
219.67409163601806,72.27634842130175,33.58426027032377,0.9394302835967245,35.03057481972258,11.022671052367139,19.3688594011627,62.35498774064206,8.76961747528453
213.72411071223596,11.398307139533312,13.754056020734147,0.823870999603379,37.673605532979835,13.2869008824693,35.92294851711577,59.19233722920498,0.0
245.88863031813307,60.30619371674596,45.452556504585665,0.9693092265295822,43.642971078283225,28.032336720069612,34.28419773258521,54.048352487532476,9.026617993370646
246.01672228653322,37.85889041053089,33.86588328338587,0.9786756040806015,24.997949598239423,30.61265198101545,38.4823702275416,55.345296286258005,2.782363842352618
235.3240582909307,63.98697418791033,28.46159091804156,0.8284182100872098,36.51245947647856,37.17613935396615,43.12443517197314,32.348833729952034,5.360370997770363
223.56119164194803,9.345493212188721,6.438483991460573,0.8350619877103331,30.958636768291836,8.19209636224838,35.75782089799776,76.89130330132755,0.0
223.96838298450643,87.79599658447574,22.905721646514845,0.8713521968212701,9.331996989884129,31.919921408768957,19.675546096543304,57.92322239587108,16.117599731690962
239.0382271548096,97.4814520718527,23.557555288894388,0.9758689950080817,1.2844822434704084,29.54184213587854,22.30327850296232,29.175590319329217,21.389346523198398
245.88441039810309,97.0433962521407,43.363616866610826,0.9603166639541547,14.227069283846689,2.5517822501439147,40.265811926193436,73.63099711079445,25.31986819971664
245.4834569706047,76.21692401557785,27.785762789201634,0.7746163110200616,22.15168531688097,15.488925648408278,21.27918227502626,85.27107848641455,14.036473647621749
241.19502183430495,17.35819281241004,19.639626899550073,0.8442553783851399,30.855297221432814,11.310618282403944,17.175669508634442,86.31148294658735,0.0
235.6812658461715,77.03500361325715,48.86321609702231,0.8828090855399453,42.497966525160265,12.179616974161217,36.09840162126751,45.831241268782094,13.269887662031394
213.36559859980196,7.3357570635861435,6.425309072989468,0.8707517934123696,9.812285835308282,39.31787518218803,27.07579066470426,29.486181149252783,0.0
216.46514856378454,7.101737395254739,21.704872987285285,0.7965271363048543,6.277489494923855,25.711096539197115,42.60120157637711,56.28797386431456,2.543621695282785
245.94216754108317,35.74297081920642,3.0592090833988594,0.9561160250803571,48.173997373716375,28.707046311739983,34.507652132809845,27.88264605444545,0.0
234.25716238638358,51.421103088443246,37.25530191757959,0.9124657879192409,5.402227968820355,39.06470549260037,17.712569333749823,85.3791192958832,11.199519149366537
210.3678820646652,78.18870469174036,45.98575105775838,0.9510980099644328,23.92455350535946,15.088071298305547,43.435697017609826,32.85057391486022,16.349097169104184
214.0588617146413,69.913060777618,14.721829147973983,0.9561034270438733,29.278186439665095,32.07360673811224,22.756717909207378,37.69361019658149,3.8054756498105604
236.54007076432222,47.360757105791095,43.05874216315692,0.9296054048797775,27.068721045371912,17.381238532179815,25.116374712188573,48.46455688194793,10.80412454842884
210.20246335384874,30.99453329675826,15.318693292632991,0.8554105442999321,4.3016078516471605,34.78134687259919,27.067812410506264,46.8215127991388,5.483335428087027
216.43232205669995,99.72682751498256,45.627737920551844,0.8965312212037019,2.8513457001809686,7.226301652452127,16.536728892129396,75.62640246785223,24.850796300212867
231.94935157466344,45.48722371241743,37.94413327624241,0.7884876974687384,5.274171373051784,37.90744708257118,29.895462666918146,51.94217743856736,5.34418181069455
237.67580790770774,47.88176731131917,40.440432065230496,0.9116749001939779,29.279384193630626,8.750868336435186,18.69955473225877,31.953778200233582,7.573654209188544
236.07845038010402,20.54426301320857,1.8823212244222705,0.7930207813774274,27.217244381716053,13.048820279237262,27.029109800650552,38.70469268402519,0.0
218.9707723784224,80.5069071312433,48.17770749662727,0.9165479017224376,11.687039601837213,30.24768936427122,25.52129363976253,55.63793696312654,13.969364307833729
238.48716885390144,70.89981144924143,36.60687861144584,0.8051035585809525,31.888707092279578,15.750205662616267,38.1852025027951,30.321774219829443,13.827619624221953
219.489963499872,25.973113214932237,15.932803673920533,0.7782123120360528,41.00337510278247,24.328455070657867,39.095115348981935,62.815897295220985,0.0
223.0159879263707,12.826199333505055,41.6403385780835,0.7896682776343098,2.078947992329688,17.782940042777142,19.60238647167264,59.60231145858021,0.0
239.85965620472098,69.64743369709774,14.794538722331568,0.7504781124525769,24.90649717740212,29.694797483591273,25.996535621376786,70.02916214675804,6.5596675073213975
235.9853159618886,67.17856535670785,43.76493813874027,0.9224975082848472,34.465520605134515,9.133250094744433,26.20059483095495,85.63932307655574,11.3516130862746
243.96893641976712,30.959655064829885,6.516439130184914,0.925776251774011,12.615596353484355,2.3383194894750803,19.542313318082552,83.85781927708089,5.597607012133905
236.30451569201372,95.33203841378898,35.48061289557899,0.8735840039791822,15.388545264657456,11.997175898922649,38.95360515153571,86.22529326481819,19.560785952931088
232.73234413341885,19.35049971918552,27.494225355600605,0.7887270722532921,30.68189514946919,18.97234659473721,36.2168498500627,37.13009179165907,0.7441490846507954
213.7469907131237,46.07180609904718,5.7301890395766,0.7700530410025656,44.89676467218685,6.720802087707143,20.71145358891104,29.209571464754823,1.4437528563233561
224.70863212237734,94.64351241592189,12.85279758468311,0.7545909519449489,40.49622101514497,14.191891586255547,26.00165725781397,41.15936903475139,8.971488424048777
220.608094707269,44.87409510798162,1.6077977775884247,0.7897795624716529,29.156510954979176,15.999320731742742,18.174150745695428,82.65596209364202,0.0
219.75958573516334,65.65996502808812,23.969630307760784,0.9638053283959552,36.51108588786246,2.295673747530942,33.84619791279132,88.04374322364417,10.267169353600222
248.92042219009784,42.77146780646546,15.761997777240019,0.8079688420084036,18.241123510389933,23.33228992736818,18.641157736458588,80.15274657493333,4.001583970837642
225.7239089866704,31.05044422312365,30.31951673059018,0.8350251185321318,32.04827640493789,35.3737371188515,44.578025058747535,27.701240478928053,0.0
245.68186220708452,98.47787655618369,15.564652577722242,0.7752829162755199,23.30907955637785,6.069716518122097,38.42046224063587,86.31995986418552,17.82044399521033
235.24554503989052,43.88673059992909,15.69603646384225,0.8033667131395609,9.496806822878046,23.912320536060562,26.707156487519853,49.63506191455502,6.6329214394179425
241.79245214166593,89.93942434951776,37.416466737848566,0.8746138969872492,35.08691369386286,26.589568196433852,32.35691796838063,20.65172035336476,16.454500340157004
230.1054837242077,26.845687559653186,3.358998962939319,0.8958606439429566,27.823231867441102,16.773387216771532,42.34025448649226,50.96756185237355,2.416993445410377
233.07615538505436,25.244946882382912,45.24185476440737,0.8088845553998907,17.93107909767957,28.0439034945708,31.622978411874783,23.22484187728273,1.7006560289209225
229.70070775275457,7.957737874028579,42.760929845167894,0.7638557182140281,45.566959503931535,16.42926173964048,20.234954591938656,58.07145448127823,0.0
217.80971951192177,66.90834841070908,33.72242947809392,0.8438478885905757,1.0467058913366634,20.185491519097397,26.36110066743478,43.69878192059359,11.848865124080353
238.89808461046022,40.01000265375731,30.06785693526183,0.8062088090223202,15.7886575624748,0.2941217821770792,40.294345950892364,53.140445351583416,10.917513552512474
221.23089449763424,87.11403373476551,44.72282240884296,0.8026929415751525,2.844069888882328,27.668804565387553,34.32639047968854,62.92192525201819,15.90599040986136
210.97263865725816,49.95494113569793,10.081178796907007,0.9803670726512292,38.32636581108136,26.453707157788976,34.52173153001401,80.81607670724742,0.0
235.81889183628672,96.97837565189856,4.869488947350602,0.8979121166221737,35.10537270568963,1.5360350930537825,41.004644570654676,66.33311035303501,16.380443273652887
217.08442717628196,22.62492399179651,12.735998325567367,0.883650826361303,16.567610936815854,14.730004295805323,41.819191723875136,50.38342079347265,0.0
247.61834337411656,87.51920095578302,39.93433565630932,0.8497860248455973,33.78314511035365,39.161273631666695,42.59377715338309,77.35994975692556,8.406369696144976
248.15714308010348,78.77670101521547,2.698843069597683,0.8529466400232346,19.796861309797492,16.829462502744672,17.845475797594684,83.39074963011925,10.997637466302399
246.59457560881793,78.23757524118494,29.55753491909099,0.8798172009211394,37.812689571121716,20.07781620527367,31.32378005889303,28.383197650253805,11.086895211158911
224.8063480102178,85.25440667110433,49.776438293374184,0.9171431536886657,22.709183136835303,36.39720632638874,37.21528563654956,57.235308428695404,13.676072714550186
210.61826466115468,77.29727913958489,42.929108598039434,0.9185150630836391,20.61398639158328,28.690475034630257,37.707805353810414,39.915837181971085,9.546686190427918
247.132742503509,64.49093055498446,26.550838763135882,0.791206537849308,46.73649577441505,23.28280524496894,33.20148605910012,23.294283851386318,2.4497623594525306
227.12736593269258,17.46826337982682,4.118404555045474,0.8700270604983905,12.543954994535012,31.9121872536429,20.003620055510225,66.79826865797898,0.0
248.6661927617468,8.089987051668931,41.737302204899784,0.8488699428081845,6.022366999828272,34.57465065823893,38.92261661824993,80.39395442214578,2.6004305884943797
248.54479908357013,92.48054554249025,30.349946900683317,0.9589264719046522,29.22715566297291,18.275522869490676,36.60334000544837,31.403185813417583,18.28741651573182
244.1203782186944,63.58177987947011,6.631716855918775,0.9015405410924103,48.466090614208944,19.004334597273417,17.584073146471088,76.86895603367304,5.305533604529661
221.77795568278344,80.67104264273675,5.599006956344454,0.8778009759398356,18.891960686359333,15.442037426073432,28.914294740231288,79.73770134758593,12.410500709046698
225.403909144077,50.74462339369226,45.57171415239303,0.7776947141229402,3.101838181439076,38.66824560073842,20.21932198565411,84.00383098665385,6.5479222414122304
244.04546686067428,16.144277951427476,33.79081288396584,0.8953530934376187,16.96526336547837,27.886650171614015,25.124311371389155,38.56995623602367,0.025878093061640683
222.6768802062511,16.89265025924229,41.63505316652102,0.7781289373632561,25.296582715977923,3.3289226483228918,15.542432766170563,83.27671456329224,0.0
216.7797098674437,70.12870228675229,44.0699661138311,0.8309295781357805,8.096150331610685,34.51838493252074,27.009896052322745,42.446392831550256,11.376415699922635
232.272050498334,45.87906001544896,29.016845250367787,0.7842820715554396,32.9051109028246,19.222397633450722,31.496307634686314,58.6636609418852,5.593961095803485
247.44619096643123,24.049849036531988,26.354871235997024,0.9160976752858485,49.88746945051003,2.7501562568994986,33.587477784812606,23.535522958259747,0.7471610037692529
237.8411918669989,51.7014819404365,22.09094310572852,0.7995005073206767,22.58697379907219,21.988690206532443,34.904710353861304,23.071676185812052,8.7739017254612
232.80244680357458,11.09984902213774,16.530382801764844,0.8440462495651262,17.736427836510632,16.686571159028084,40.088739393073794,70.4261248912542,0.0
213.88705975083073,60.287283181867885,22.295202082076877,0.9649619466285069,20.035208341723333,35.109976194504995,21.4638872182719,51.113598458445374,9.164241674202168
234.6002890679668,30.55437342133428,38.92010313077766,0.7990359320157528,5.757308919760057,8.159784144375495,18.61445467315404,37.940466275845225,7.7882365559613955
249.60215400417053,80.76811456053288,30.494248119741446,0.871873215350107,44.16368007131119,33.05858437968732,40.54611515693777,33.32894472174371,11.805249860380773
215.60336060946096,34.48438609773951,44.73364120778746,0.8506251986798453,20.7412827760676,22.307547647418108,19.698384446779496,66.89674436014526,4.244536568081669
230.73318609454947,48.245914162771115,22.725620704580198,0.7543497698509751,19.363720571242066,2.184412128538762,44.24280244008586,20.02810808177379,10.096130473338315
245.09492287711822,6.10395129126956,30.747389357218946,0.940261947257475,32.984513646523716,38.873812053019385,40.27614688195911,76.4123818437798,0.0
239.6307447101682,11.882454340483093,31.934070101507448,0.7665710175155039,22.101671046556177,20.504609764128,30.026298176687973,25.547472429095016,0.0
237.8806296398107,42.286887858635055,29.99316095300995,0.8638212050344689,32.4116734403923,11.6350741692633,44.442642747660756,33.40427304356836,6.1200078784060805
238.09936335948436,50.594189298126736,35.429054881190304,0.8845627907853479,3.0723145065393753,18.776273679570323,17.921301873240125,47.03654767093627,14.24162983400756
224.37964604879022,62.001952071333854,12.634239950365508,0.900822349587501,40.68616718611137,34.31431134069956,24.09197283525305,53.94011178012725,1.449855132476164
221.74367377057973,32.707944977383804,26.105825099743743,0.9152715910338901,47.02519764397013,12.19612497540254,34.14673245121834,44.84965810697592,0.0
242.37444621914054,71.02327918202154,6.107015337609036,0.8107853720454516,32.4382693079693,7.707055859468013,25.500206054195363,42.44985154890057,12.485057926482575
242.40453578716722,86.71162773297443,19.841055054595817,0.7523949063980279,47.72829644294054,5.162849877235258,42.851176559423756,87.4741208451232,8.681856772130686
244.68289274320415,79.08584394486823,24.895686362441957,0.9236264789651789,7.5716157184981645,11.91437593560845,16.968782645334528,64.9105776870376,18.227092986365488
246.52962210225886,8.763788408093928,32.95898871772815,0.8785575838434189,23.870809474017683,31.20192348160174,31.482354961828936,21.640306875717176,0.0
230.4536959544375,50.64815998949375,47.576021576723974,0.9506682487697397,30.090336697272363,18.865054607810468,32.72598802185344,50.11231359110192,7.4253409372406445
230.06065178748798,14.968366949726612,30.43190226086944,0.9471332070961667,29.086832371059334,9.0992641477416,34.58184371331672,81.25060898207792,0.0
241.931807158671,27.99427650694011,37.43610189265143,0.952398280269092,20.07308895445216,6.647399984389968,22.669986699954432,41.10193304874676,6.823169786357314
235.9985572311106,98.73294636037892,25.807036915264934,0.8664227183950897,16.90422046831307,13.309179060415165,25.936992825595933,26.618944134207176,15.102550559608845
238.07867509030814,18.53707657564376,32.07109753744024,0.8300708150008478,6.34120112752094,37.596974915428355,40.310415889949326,73.08693401129425,1.402369042177264
241.83170677744403,52.39437457787883,4.475678590554898,0.9399739686219288,19.58712252811391,13.721068503600975,20.848283069104795,62.42096823552569,7.914528494175043
245.60021367270264,63.724794760221315,13.465187461250503,0.8583105871270211,8.133040755274257,39.52496303818541,39.80603541520086,59.92187554785527,8.674831374298641
223.51980627406144,71.73417220168987,18.730801567051795,0.7940261271368243,36.71828382461092,19.409218230614247,31.879662687082273,23.750359172518554,2.856543397260485
225.02331810559775,58.16662493125684,24.152174395319165,0.9551937646947538,10.441546774729499,7.166556731606035,37.865625335822465,29.834930685686214,16.835946742985858
213.75927759363475,5.928230504822448,3.236788529616803,0.9618143704253633,2.9282652642266926,35.645603671740375,36.408220987904144,63.57845773491796,0.0
233.13120563984697,36.01382428317923,7.861180780112567,0.8619143414736408,27.618306890861717,18.414214925393075,21.22534486154637,34.5476689021185,3.660482444156825
211.43769095186968,54.182606121547586,14.563901081773983,0.768167934554349,29.76148663597008,28.386853740180978,32.064382093016185,55.284905582389705,1.1295314820429525
228.6239207252984,13.347317418759168,48.605101854151485,0.8430782615800635,43.59565306402528,39.34846332836607,41.031694584152774,58.141718022057546,0.0
231.70578538830307,38.309558464872175,17.236003348049486,0.9428490382710248,28.849080620884095,2.00701401279896,27.96348710405788,39.845503318965754,5.958511476699225
221.46165008513137,8.154295335179825,24.620011847492044,0.9664257668510949,17.274042686172287,3.8677823915026854,43.9977231066995,86.3897608879045,1.940570402772285
233.63333042276042,12.46495722972697,10.608787924181254,0.798833458199423,40.150594076316025,28.818269658510246,28.566453003051542,78.97248747849025,0.0
211.220009997562,42.70771123915163,30.928223482712646,0.7660736668860652,27.013944659371052,11.273000131818879,19.28356910003654,70.5661455342959,6.813368865087319
211.4939275499686,17.607996634090732,14.753477560282741,0.9605641087518813,3.964014231559587,7.3720558780039624,26.6830404023302,25.459570648658634,3.2434738243693815
242.90402242638635,58.91638058484802,11.142636343482913,0.8434571853549301,28.292528015662334,1.5744751927891798,43.551072191716116,27.42910135163136,5.7873451591338885
224.4076256564505,70.49917206804024,26.312058793852973,0.8800226314242152,45.40092727108312,0.8738684794480722,24.591625480195628,54.494694210546896,11.22829717358567
215.08242050607538,81.05573641536287,1.2697841588606202,0.9823357948921821,19.815631274911027,30.979424124791635,41.04294479601188,31.249934443369,9.686201918082892
230.88973040219219,24.01427320325696,1.375537599812041,0.7659755346994135,14.816290094990004,5.377337094782,41.437520450456695,88.47858244706319,1.470988946881163
240.79974212394444,20.910845314611628,11.73437164599103,0.9055963217885029,7.173472850901002,18.708824638846036,25.505595729958834,31.09641638191866,0.0
218.63284109987373,14.933944831768024,2.799346762540236,0.7677853014179681,7.572276096767866,24.23587260717932,17.497729741518963,54.12274848247818,1.9937260290409977
234.91561903276002,65.46087370664549,6.293261952403878,0.8401125428319601,21.638574217090945,17.13407202275385,36.73673727476455,45.488473978905375,5.908443498972728
213.41389859975072,72.11519401625561,17.60417181759883,0.9429154908464272,29.783991208076475,1.0842660934493242,24.34536897041958,64.75704950178687,11.486978582874226
212.0672688467443,8.000683758435994,40.32669829941083,0.8540333358613522,4.0307702584800875,31.340060103516354,38.48770842772717,29.032548622259746,3.724156802717773
231.2541852627259,93.94016339315053,29.03038352509574,0.9893237649367081,46.978429451258286,0.4205289816661395,28.279645447812992,50.12214996296736,17.193814074496327
231.62540486440426,9.93727194688988,26.120718571864405,0.8841742283871845,37.75668087225979,30.47559577509936,29.55800227027865,39.22935229650005,0.0
235.49719605992826,56.423151853601695,15.38095233719796,0.8270789166326289,29.331195914183134,35.73217975152491,38.33728220245611,82.14260672701816,0.0
239.04365334890645,72.36074934783706,46.655932252208004,0.8028267182171408,41.42193354694954,17.31359684228689,26.470899931848837,22.840999849428655,7.375059434254037
249.0340831785014,87.74206675587813,20.45373702062239,0.8341249282286788,4.009337840605665,21.42169892391193,28.293820359687437,83.96092458045214,18.046810902523927
230.65201393204782,72.83825855258064,5.267545572992804,0.8394079857022922,23.84194388665622,19.07933570470615,26.285714063088662,78.30958969871003,6.738701437172224
222.91825891764984,81.16416789163023,31.236259289772264,0.7664912826537507,31.50465634308317,15.568344744937551,26.020215458318397,40.82995015085708,10.063280250865128
241.80744779074814,37.24776829156657,6.578081280353469,0.8386978078624255,41.43264530591446,35.496981414814414,30.778397307043782,75.25034582739733,0.0
220.83329005048296,82.40838580591866,17.915933997282913,0.861417244737414,39.17347800246338,35.75734042679962,39.263983335034524,22.18494922371233,8.158016293263543
227.55885682822543,12.61091040654414,25.863184997172635,0.9234570605373131,13.853462485669981,13.432654585661382,25.853049357676976,87.68058852053755,0.0
213.13825525369063,90.00758232575012,43.83690370957361,0.9076150763331859,47.04400847796021,24.60279016058792,30.7276416161321,56.86164598128526,14.62588556699931
211.0140297366183,57.02127573460494,25.183782436665815,0.920103757254997,6.217292071543517,37.07630248583457,35.121819763278026,41.22967182458117,10.07547861065412
248.505936587117,82.6432881464369,35.41067953555155,0.7520072836504457,43.75668093105761,38.48233995765406,23.08318338910965,45.38082488162739,5.6123467107236795
243.43920482048824,47.97023702923851,49.64802511095445,0.8022401758993286,48.547012480230926,20.3583616168819,23.325684147071776,24.648374742234815,4.915432639546633
237.83896824374793,66.13988104366987,7.442966875001099,0.9088042292159655,8.857676161131279,18.112992211373072,43.002393810703644,89.25446598294275,17.43282098824425
226.3581177765708,55.008252788930754,14.461844750456457,0.8661574483631393,36.10330321018927,11.147772637141031,36.70603719993266,22.75043616054847,2.2962349857524
216.93177280283382,74.50100456675654,20.334227704284675,0.751275234160403,2.014275938899923,38.3548749276164,32.315600286699265,65.84349862035013,9.184427189087359
216.25748170684344,12.75484829290601,21.669580748402737,0.9430787141836374,20.271141256957748,5.712572178914694,34.43160163261836,50.99151493945208,0.0
220.00971592658382,10.73344797910356,21.140032688011743,0.935474297589681,25.8141649598837,23.193183041909002,15.87898329310255,86.42413527321006,0.0
231.96906658824483,28.47480723096391,45.47293912527119,0.881620599118455,29.032261295481703,11.302010700745555,33.5430889668509,37.21998182147566,5.276829002559401
238.5838369080025,20.15674461075289,35.987599578875965,0.7659511981863053,46.79686241242798,11.160331613911865,30.285266196726056,57.24607767566079,0.0
236.40789506870925,87.81943882625916,30.787355490444483,0.9339636118878203,33.61253436470973,16.198743495047538,31.37249039338307,53.76493460079271,13.576187974542652
221.1973558778377,25.82532879901421,16.159263175276322,0.8900912610555274,24.06389756096185,39.95171743262618,25.782714804924513,69.2006510835071,0.0
248.19461122652777,97.70719930281747,41.36572882684344,0.9376703945179102,40.48375181329447,2.1986522735928826,17.444216931388258,24.760716236669435,20.068185351088804
239.51587666783075,37.00510021825515,47.797965062764455,0.9304192781750017,47.526641047720446,23.14167272814126,20.800177008361565,33.56523910163484,4.0006887863496345
232.17416210045602,22.30120199042643,41.2387158449611,0.9427204972698809,1.1033074341145421,3.302886321411087,43.522341396380156,35.01953740649949,9.28304051041169
234.4688298493741,80.02135817853552,1.0766901543821723,0.8743219359371099,49.126063612801936,6.180833199620759,27.26098686812802,71.67055283891827,8.002978265962701
226.7840024971116,67.57723867258323,32.18366713898695,0.7836778843664436,4.3066069531840165,17.582517670915948,29.000494674925925,33.239708742871805,10.043609561265065
219.9092395800463,52.3285930630482,3.5056336906629353,0.9110777936111253,40.71933896343807,20.418405253857653,16.58129369560317,60.144423472368366,1.3716907637496711
224.23890714605045,57.75953733907497,13.62275379635237,0.898913708412473,14.016737627570624,10.35169633458096,16.12698688631942,35.06706743506676,8.6684305513101
240.31384441857477,73.32416893586506,3.9167103170408124,0.9281407649277809,6.608982887693587,12.658285234976647,36.51544341140273,80.3137465058785,13.826662725861096
210.57573954519023,26.70320042647338,30.585977194519998,0.7907714414521765,21.992781985691746,3.4786808102373223,31.14283992363334,85.9529818142747,2.6211982460788676
214.64290562027665,99.65172202539048,34.64290576113773,0.7967940479760695,32.19782897238068,12.128791353770021,30.261179526488,56.294508245956834,12.974296199750594
211.84010568087012,97.6053504039444,6.609894265229351,0.9636982841326388,19.04759225117375,38.66233757522176,22.29373591268006,44.66162189464248,12.857800815963047
211.6291520927588,66.780940202959,19.808105269203995,0.929994671628497,2.728270414134948,37.78829526689927,37.34252194889767,36.384044251224935,8.153134732868667
244.21842336044028,23.95653283826879,23.35558893882156,0.9679748372880774,29.97305698293583,13.3951316054794,20.047097373254758,23.484670106613063,0.2030613695848127
238.14631437520094,69.62168303097268,19.083598066284914,0.9320916770793409,45.120163805533736,22.834157451150464,20.6980423098306,38.795005333824676,5.865379210657806
228.966953163493,11.858848853021705,6.930225023774459,0.8933172734376724,19.160768297362583,36.383815644437774,28.821365140448265,65.79650459617226,0.0
213.91336642604006,7.9119877095515765,21.528441719186294,0.9069918568866897,10.816638881541351,0.24735290563586698,23.588395863358226,57.35318519164476,6.2602291671740815
229.6646350046733,29.4798744085653,37.80772434261249,0.9633907017456024,22.12886729664077,32.42734281350367,22.42388943699439,86.08288947966491,0.42772297075859167
228.93887083122263,48.94918089023505,4.479375562129517,0.8889136210828658,2.4181355524390433,37.93478211155676,34.357129336599954,47.73940837441904,4.614570883230613
216.9280747964006,87.48588801379616,4.92882069001327,0.901773917838813,41.02437922401374,3.6530293733422825,34.52915235655634,68.57043396298761,8.623889939619696
227.35406596951893,74.08106162779926,18.383793299963227,0.7875544118408642,41.317040547509336,6.457907441316841,39.735512093997876,54.2525923232585,11.454508897587202
225.94018937589493,75.5571195139982,47.144559869327324,0.8637410928278646,29.400023171481422,38.42985211085421,27.531257009189275,55.880335114694816,10.297607804805521
234.63400392208865,45.42186677256716,33.76005968942279,0.9219353068699437,17.655144446919476,21.50160574561385,17.192552730784506,38.74420202228822,5.431718711877779
235.40374603470576,37.86382429196148,34.25482787695567,0.8150262475959277,39.989168222289166,0.5678653788689481,23.20999154764373,51.84655437893998,5.979994137025878
211.8121603908818,40.24868248353726,18.734079551055384,0.7985410033258884,27.73435123941836,10.305279950541166,44.40016389590451,52.95494979088951,4.209841429138531
224.98450458505886,98.82670855492549,30.08937876921838,0.8253184339738597,41.29661542750081,17.997746970754385,32.88775725698106,69.46497652242537,12.559372066888765
235.03439662856945,8.810373184185835,1.4964280173594255,0.80796015071828,31.57293962915103,27.716356440990708,36.29211254403061,85.84479994302797,0.0
230.1254503432035,87.36799213163262,32.16870627406757,0.801579032888735,39.22027366063986,29.326415125471982,15.220734888762436,43.0524894237753,6.3522846262151615
244.25959364753288,59.97416381437738,45.7510604312356,0.8519642022883409,29.928149660888,39.81686051701824,30.546171965475626,22.95403280069089,7.300437099634051
236.3477452647578,46.66846482301109,31.01609994889614,0.9678812433320482,20.70705341078331,11.500447975350362,16.125859725954093,54.74065878504478,7.626967628238216
216.5173770832572,73.89947773943797,43.811231079850906,0.8716943152172923,47.89729299630688,21.52880407473901,32.07690636274344,58.1122932504418,10.757263747694317
212.8227498960172,51.233549435346774,36.4746797178386,0.7951008913956775,27.05569124394224,21.3329419143842,42.62312548908226,31.79083857923407,3.2984761635956157
235.69677112825264,87.97520761775775,6.907362403780822,0.7684732006514098,30.25447592702692,16.225810377889502,44.05257391501223,73.23252243932467,13.415566562664386
211.06045242166488,90.56667708106956,45.22021205700624,0.9170774748331021,11.024381970737462,6.766475753696808,31.216580261667726,88.94503759090442,20.17034089923317
233.43102325093852,45.063488052978265,4.2557483734329695,0.8418717034647331,31.282539471363823,39.098262527353704,28.746144157566476,86.20423019059227,0.0
247.6092096569983,31.2986407373299,27.164406154840425,0.9472394271804863,28.580382474147193,34.13268746666344,43.35051282745482,33.79742271765565,3.0552483120432194
233.01896711503517,61.27328121636941,7.964719065879425,0.9082825844737848,9.241919897351247,19.93332113176949,35.208294959900854,81.27542679305324,9.426316334624357
225.52679704826087,91.67451783358564,1.5736239258142992,0.9410979481299284,2.979354867657186,24.129816907361192,16.946978386152285,69.31455454881794,17.975121470803938
235.73152873769413,25.012907955538324,21.67967874625431,0.8152670494604277,30.217965985738555,9.090442142386493,28.971767330024925,51.76925946648381,0.0
228.33011561966066,64.18182543853086,15.456994675053656,0.9161661413906539,38.18461346751603,21.751482815669874,22.207350553929118,57.84276960273103,3.742531114498864
231.82467157263738,64.99822090878945,24.81402419608255,0.8133748763264925,26.17006854610041,27.798805324859032,29.094129643460448,79.47201224877207,4.940236945103264
247.658592351061,74.64573712945169,29.282794449992988,0.97537643506807,11.338631265982285,20.606681135463553,28.66396716019085,53.60944577468612,14.527188109105794
225.44410551203097,17.498930087089683,3.1432145431384204,0.9027298275680098,33.326098834651745,39.61140682339765,32.46434408444226,46.124515837358885,0.0
248.44762255295657,73.0033716447984,7.027161461063536,0.8278828320420821,4.0052863304801125,24.45366624990905,25.703114710477536,54.527324511819,13.306001173177757
246.21402567824254,91.3580894632359,28.373477426070842,0.8146828469501455,22.091685240097732,14.838948503686762,19.92811348367784,60.53908628245344,16.920079195530313
217.83164539157187,22.069895342672986,17.81520030546025,0.7958223804171944,8.16833791992101,30.886081104633526,30.111583037698686,33.23543576448442,1.3282062435957007
212.77445203500662,27.566615867768377,36.72950088992295,0.9167138301344947,9.222952552994169,6.818500463265682,39.90608653037286,83.06354111868934,6.846460828529196
214.03112005509706,97.28253393395576,32.962290781005045,0.8024917471195026,10.114697457910182,15.380632548250661,34.92036684202807,67.19308641807297,18.159319568761575
210.728873026062,22.19281050740153,42.43461378650544,0.8928727838225974,19.335352852198895,13.878358015103434,25.151035977756475,64.32882421362422,3.97642803809251
213.77771843023714,86.16658387011002,34.93214850679204,0.8135124064620858,2.5575102810198813,17.27228380431109,43.06569068276572,26.96473583264467,19.401568882777454
237.32027093665428,51.766396362563306,22.066622792117258,0.9088725467505284,19.88967204645491,31.271193037149054,42.36622713747546,62.29217567208143,8.375928512537781
212.84754593840916,28.486952068301818,33.975364497327185,0.9455855348497294,25.585372355735043,19.366921286536297,21.280451981522965,28.467246356694464,2.233841589412443
222.75902521175044,87.72124062088858,14.493677538515508,0.9367260583547168,24.164714248316262,31.76057801063851,16.18252755361089,25.508837263677933,9.171239630833306
243.79501243877817,47.30399922525322,16.009361440132423,0.9326043194233876,19.139205020152026,23.059556125594636,37.239261250522866,56.91176269496753,5.625464275230085
210.93087742943302,53.90764862332057,39.66027283611887,0.7950533773661405,41.957330403537625,13.682777386302213,39.828307840474594,48.19498738325465,3.454364371699307
242.57873930355743,39.12717009297774,22.874556303677526,0.7712123872762845,7.266334621025205,32.399149747338896,44.03593697854066,61.216718910935626,4.865480788631848
221.274190990936,61.33033088631811,40.12063668539927,0.9177477188369725,25.2848371890687,9.531586822123664,41.69509182264932,26.245551764006702,12.600802155000922
214.72659310486625,20.53476789557716,41.298696309745644,0.8384033313106443,3.102070847827715,8.975319191991819,33.01604304619244,50.16881439930809,8.941131257275556
237.86948661456603,42.15274598191727,43.0205545454029,0.8537630943368033,3.5577839438954872,20.18011696219343,30.901570176371425,32.23507005316106,10.56687847356663
235.15771387119537,97.09417062185231,45.91512655621916,0.7574757822704139,28.693292483854815,10.433969838483556,15.835231537877588,89.09700601468816,15.406792605031525
245.0988805410821,29.522676106607115,22.118275805151516,0.8122983478260118,28.30092124439105,0.36348139804865287,22.399693405343335,59.280514870462206,3.7814888293834223
239.40284175215544,67.38998313142275,16.624474097735803,0.7580823369298714,43.90167564222285,25.93190109195206,28.788442551987792,68.12058026586071,1.6303489178715964
242.13923721539393,35.89305610134601,29.527738583111578,0.9610045854242995,27.89368378300366,20.44375285889592,33.855117002507036,42.779279647782545,2.501649014082196
221.28138290285227,78.47994694022707,19.18744874844375,0.8084152039724473,47.98955102024251,17.820712579726447,31.71755499955232,26.63172403455409,1.7617903949262654
217.09758175118893,17.432997768243233,30.452634173211415,0.8837609206975219,2.434742419996488,38.678740584732616,37.279079690450715,88.31096039484757,0.5748951855243734
240.02459006563433,97.13299928246175,35.573707269547405,0.7593550369586713,4.900384239037053,22.84796735851655,23.393007926611226,40.038132476822824,18.969877545336022
242.27338957069057,48.110006431445726,34.73184590611471,0.910043373913358,2.20329307851907,34.53726311157538,31.948578229574196,49.6665729621502,8.650802740793663
249.62020568002694,27.424794017914074,19.353091463985947,0.8275265629809825,9.263842516677002,5.578009448206407,17.644267301723765,65.49047451918025,5.3175055641459155
226.50470707645707,11.982190996351203,9.176149883238889,0.9655006048698398,27.063505547083906,22.768258525177107,27.40996570749621,21.72881083802779,0.0
224.88072343171132,21.12700098331637,22.09593758464817,0.9631483653441686,32.2786090713714,34.71918506923612,37.504824988638035,76.71813913621008,0.0
241.05651842967987,54.37852511282168,7.987113060013528,0.8280697484068195,2.27925789743344,23.32423029119592,35.802025602871325,57.56047330200342,7.329845736723491
223.63214161012073,37.0153017609722,44.61475472400661,0.9662306149657123,47.298544492279966,28.72056712508006,44.71928211516537,39.47520309481755,2.922038935171407
247.23029302414258,83.7439197588479,17.947995576155012,0.9890778416397069,42.10826883251905,14.881742712488295,23.33673377963268,24.312558970472846,15.040322336811801
244.3365100737205,45.93431474787156,8.568527613942866,0.9480997593897476,14.830624107854657,3.6979806814826643,29.945678975219373,31.374889083210903,7.214546504368635
227.15976109500073,28.62785589582484,2.246940235381793,0.952769123461255,3.859376511323398,18.31601180508286,24.885912413219902,82.65237011974058,2.497988770762655
240.0348427116599,63.62877372738286,32.64529692803772,0.8097620966661816,8.494353660952864,15.779175633554301,28.218093421775244,68.02169567551238,15.359464507960976
240.1817149633873,72.14383560411736,32.20821355528242,0.8884085757258615,6.347220687748633,34.682407295157894,40.708503896081645,37.49312051458229,13.884749506645186
214.1249547534373,20.868981250590238,17.689604162483292,0.7661414193521683,6.164188964947343,9.75981209409889,35.5262722556546,24.592053546152066,0.0
246.10211626718268,20.92382554739018,4.513882553534899,0.7727803048372007,25.928084433286696,38.66936910140432,41.473235740427455,68.34307186706454,0.0
230.21009489791427,8.483785558686582,21.07181584986637,0.9897342268879897,12.292372124670015,38.32552479217985,21.105333249956594,60.06854081774356,0.0
243.05829864430967,74.95819143123585,16.249657258106286,0.8283934198622186,17.906985826457223,9.905265722857548,41.20083353524314,48.31636671207645,11.384409153948763
222.80198404122447,68.06143012407148,34.17891134701546,0.9295641388917231,49.475266669216126,13.92207821909282,16.792868225351533,45.452801443304466,5.5434385950700245
245.82092913984803,50.089933196232316,30.68318322318183,0.9435996127264359,34.21571244626724,35.8222296349554,41.65797841311458,35.17699931503758,4.618220005112869
225.56806714936653,85.19619265207373,18.86509268167946,0.955925585041735,47.44903335235007,38.6648888358443,24.872213383821837,66.87278795762623,9.135627799899945
210.43350605921194,81.53866453025505,11.676735158494514,0.9894307913765176,7.127827751655779,17.737564113441763,24.437629002421993,87.94676194557094,14.69956260467586
246.21527905677056,60.60866461769145,49.413762341624,0.8079591564616483,19.106973741628465,12.839881825635914,30.362657300959917,32.30006720857781,14.91421182893664
213.65146707144535,87.48577164875957,23.246079438609627,0.759684198446328,27.736590164117715,21.043760530061682,43.22070563169695,61.79816340108523,12.838890874067836
222.77254550361658,24.554914953492982,34.725437553231615,0.8486859643187006,3.837903094436901,27.51076825462939,16.43344094044216,49.692953902218335,6.911088069843284
248.0024786820322,15.632363842784148,7.887095411339678,0.7812193607589473,0.20937218139789326,10.938980614999192,25.566929252122357,51.268210522126545,3.982525643929411
248.02428587750225,30.626213094114014,24.79389528331049,0.7553822133988932,33.521716689845874,29.45892698476291,40.69715966050008,37.79030960894701,0.0
232.93751552493146,10.42325132848491,2.3492992736038087,0.8365024385139567,32.09097584007176,2.0662942845856413,26.881634323064002,77.75944129629934,0.0
235.27348848679196,55.46110516009804,25.767300777612046,0.9380971802580568,20.53944049998059,1.9717797105766577,20.97470692791201,53.96789229030688,13.559397172284532
227.9378208791328,93.97754076802134,48.236852948767414,0.8858833658940171,24.48220380160163,15.45150820582181,27.743825439942356,58.03840965387849,17.811114708302323
221.72843086792258,8.737636363508416,19.82612893630421,0.825066717410485,20.77215002960448,14.138927682428823,26.56657504475008,41.333263895812806,2.1233099651796334
223.14658181479663,16.600441830952548,2.910804616170668,0.9070420813182527,1.2002522422444428,12.62532861468609,42.4624860440011,32.72659259668648,5.360007018299308
236.90073824308155,47.95890768692635,2.516833755047833,0.8056843632741145,16.768580310873123,19.6407905067564,37.85803127229291,26.013727174197435,6.135080461284813
240.0949811775072,93.71812666515096,20.011351237396603,0.7534515470573004,8.854112769864491,12.829343292462848,30.153466672320192,69.98833986474412,18.939948854805397
241.66316174903395,35.0348299727913,8.841221886696509,0.9334448127447426,4.921209455068437,7.690316738723677,44.65111700164714,33.7363997181499,9.548758124526941
241.58472571178214,53.18730682539728,2.1442527200811097,0.8996983403673622,47.83602169446749,12.378781963544036,28.9583259382777,68.30527479321584,0.0
213.6482441219476,8.94942160978725,38.05446708355866,0.9329526298802304,29.967986252108282,38.9961709124094,16.747134924608257,47.32635122328677,0.0
229.77681218810326,19.092604091398442,23.467627435212645,0.7593451240050397,36.432814211830134,16.444536679793945,22.868229654449546,49.1042360692756,0.0
212.30235040066577,98.72986168109045,15.172993826660072,0.9509087106793566,15.768187163305875,17.78851107433343,28.08211440657938,52.842424726494016,15.415908038560813
231.9811552929494,96.68627616142433,45.10407596780755,0.8986862880087128,19.65735647470076,23.0617995980456,19.707078724383603,45.739595568928024,17.815064164375308
227.6612200549351,5.469298188768914,6.690809049825755,0.8852148841710337,11.846199694836173,39.33363073656906,43.42695378972129,27.043398405581307,0.0
245.508167310332,95.4221196152077,47.84002261881064,0.8999073715474876,4.848283548271237,9.66405105743052,38.00546693453319,41.674226700199206,28.914905169186305
224.03660050208316,65.71639409247254,16.38436915149029,0.9574639792484074,8.95158187207919,27.251284421297353,23.04861601283318,66.46140524857569,14.372468498621142
214.68268065710424,87.4522379794021,44.53177994312538,0.8908647615741376,39.87570226482429,28.639387741668966,32.724136005537474,66.60490810282097,8.776121821935334
215.71966728211345,48.20028628521661,30.544200947493614,0.889428091173163,33.87729025918879,24.292976671722638,36.64347471328716,40.035701506799604,4.0098359648625195
240.46042526869888,53.98162271502877,41.50866062733289,0.9877629976957838,27.346443799273846,3.543133585465763,43.23836786720394,52.20718385903816,11.772639795057003
234.72872253265044,51.44042512440742,49.21664499731275,0.9316152400964564,23.754493643338403,27.074891033103057,41.449060475262314,33.54130596083562,10.660704814269671
214.0449070449116,68.35210446687992,15.13186645311854,0.8561505133082725,46.12171418280622,2.563788441447019,30.455766784146412,34.7260457070885,6.97227149809653
213.3642722445999,18.266869201849726,48.09563878497205,0.9197752800079027,3.6367473889334203,23.845705981995877,38.239578593790526,21.61329618846252,7.62557020393997
238.0387652583648,7.847491037904406,20.084612850218598,0.8434153132060292,14.030040661895798,29.583247088869705,31.86434261482755,82.77225849354213,0.0
212.91052025456773,34.25334445116314,19.890083332109192,0.8049301109960397,17.4968926785357,8.438795624798017,31.581116701366202,34.74946655524344,10.543951405277546
242.87440237161425,71.94467245998143,17.67896810847078,0.8932444504530622,39.12129061063939,33.664880301710966,18.442258750145758,35.92737138555243,3.368296220157369
238.24968908625985,24.176077951680096,27.528972760031674,0.9727637035473483,49.62573100809857,1.2141522213201705,18.784129740484563,39.57210028515922,0.0
213.253951225676,68.97608116586714,8.553107115745867,0.9729934848037111,12.033525737857653,33.75251454633224,30.88600845067372,28.91856501868003,8.456020027182973
213.39350856340766,97.1416443801907,28.131862782542548,0.8320572667453177,43.71536670685403,18.413162025710605,23.065846349370197,64.7484018226954,6.5734992642618195
249.46558314004702,13.920567999994747,27.543535808090198,0.8766425918932068,41.53113802158956,8.70351759726578,15.631107073814059,25.260006722431058,0.0
224.9708318302448,68.89720123138699,38.33318881763863,0.8007926156567667,11.23286988208833,5.35112579975872,36.685176117006364,29.39416984284452,13.027879502523662
224.82568588267563,47.15627083393426,41.84884813494169,0.9889514662797321,19.966629009961128,38.1322867032949,15.974597900704948,65.1329708613065,3.9108731221796043
242.5119826903001,87.47351416586301,22.581626165308776,0.9854682978883046,20.483643464625956,2.9066235032462684,32.85830523312164,43.77624343370099,18.364228357709166
247.88994309535434,21.82922999750166,15.814329218223193,0.9058821431297873,48.91103342632792,7.963736797437027,31.175813823819432,69.55634786908323,0.0
249.44004255291483,70.79946546148562,13.707409968537629,0.9430593743225936,9.044595068944917,13.912893897321839,44.064440717334136,59.01973212690994,15.3203694176842
240.13512741035765,84.62095251657047,10.536567998538725,0.9216240387080881,39.957898555239105,24.80939395844482,29.52639418042925,37.92148211430592,9.185785930162169
225.05038342123663,94.7383508500322,3.824731527752219,0.8923579725694724,16.709635708655497,21.792043411043934,16.90804309133392,65.55795653425297,15.431484248772078
213.34002866794674,69.90856268751635,17.779950962900955,0.7628035192773355,36.54351728880802,5.025739696492559,31.55063903419385,28.139157620501646,5.136994122687254
241.08587663709747,52.2316025808006,14.24213691440838,0.8591434422126386,21.000550214783143,11.589119349528584,40.23288511848304,57.54872681560213,7.78688162935422
232.3361699894322,63.695487819115314,48.354451907453964,0.9119487125201785,28.917988155827,9.550070843440963,44.9054785284432,50.60036735315242,14.09184614545299
226.96888036987906,87.54597352547823,28.327732486252152,0.9126075873320842,41.63058866630656,8.541714179613656,27.910295210672174,38.75115079722086,8.871483408439747
246.25417540378945,59.20792593068882,18.01657491249487,0.839549428421372,40.20827824919421,16.445773459199483,24.608962274902275,62.28034984176501,0.0
214.44789929224606,7.886770671199502,29.442912448691104,0.9760060767979273,43.321159176985006,28.161258103666277,42.19959890855996,80.99335146381978,0.0
229.70500417163436,93.44012607316289,7.82063836593908,0.7901656877368275,2.980866267232951,8.698117288689438,20.73726387228364,89.92332898341537,17.8619160046479
210.45414579069677,70.50504134799831,22.75814371090794,0.8700862670917345,34.602527651987245,14.667155188119256,33.4628674509878,62.54339381203972,11.867227320810041
228.74642567976505,69.26877164883842,31.685481749632128,0.9158121543721974,6.999368836088143,15.636697073646491,27.17143272542843,48.329411203041914,15.60896009987464
212.2521310272735,25.48913947778313,24.955993757830118,0.9173125934140343,20.79092840092055,39.058261177416405,16.23247094866666,35.76449701513411,0.0
214.75271665072287,67.59411967210244,20.68716123206189,0.9056733496245157,27.429420752734423,38.18665427516275,25.418654229170933,37.996726257657826,4.881594463270543
214.7010498710842,42.41711853714506,49.698571056085214,0.8160691712284465,20.136974237341537,32.005503310083036,22.956855675080238,53.561848470483596,5.3158758349851905
235.96841208464255,66.86713281894174,44.135423345297426,0.7874895764847892,25.980583790150373,9.666356832767406,35.582734618304606,45.70943908964965,15.306551280391014
239.84179517061693,15.126337879259118,31.546891949812565,0.9026256784384106,49.82631543993096,2.7214925636667875,43.46371493075755,83.9670165837461,0.0
233.3347506038864,67.49530393728843,28.899490697931856,0.893832507873465,6.760865685642736,12.67616550882499,23.041415621359132,45.78068273589967,15.692622489626084
248.48690193898167,99.94430394821332,31.412363511404617,0.7930454424694179,33.77280226682128,10.671781977353234,39.34397817455046,46.14112138018048,20.719445937437545
224.99482318094817,9.580143691752824,10.86429328329923,0.9192333949369352,19.800048319280762,20.237032005855756,16.660794508152286,46.847415870378384,0.0
221.42848345127442,97.83154750102514,20.36174941995161,0.8592412780160775,6.650489945366439,31.109116402711724,31.143630301194396,78.56341472573607,19.511515403283813
244.7439651275784,43.656256268672706,2.9335171116540666,0.9102625419847568,7.936838168715477,34.332917555154324,17.116501911296837,65.55518245928313,2.879243186383701
218.94383354077812,87.72157778203962,24.301755836854507,0.9509680991448362,47.46365531228084,33.79456341642034,43.02098973391918,62.99181952232249,8.219601512344372
248.52890157762445,79.32662098553598,27.608204613925494,0.7907348228584615,43.9800748355881,14.38702244892271,37.990538416721705,43.390011566870356,9.362632258052491
210.48617898759267,58.86654479373344,12.15973706905727,0.7545947683192408,45.35209802075109,27.489373738427318,34.73849733613777,77.25329237827076,0.0
248.79515306830555,75.15267487887601,48.23741351111018,0.9369846207349888,49.57663879136933,12.513367900968802,39.71689144873993,22.68547029489908,10.200280879989803
211.72639647802305,88.45897832362805,45.56327593592486,0.8963273820366278,10.415769500425897,2.4362217294073085,34.425593867104894,80.95580206366792,18.422675781884315
245.64572454792284,43.393330556848134,36.385018537339384,0.9179134967093092,17.771966868203087,28.062610624117692,44.06833191522874,55.892492985575075,9.506660029244937
231.108044363452,36.06815034850767,27.135944809502767,0.9511571939972742,33.46095149624333,0.3931021027915138,36.41873843594314,47.877516440438896,7.456185657969881
249.71859184477202,68.42137162854056,43.628488822736564,0.9426746243578801,24.19012699303236,16.367303498339542,42.7397582874674,54.801709650237996,15.961410888043696
212.95186258941595,81.74536448441957,7.401964847349682,0.9806208352629179,20.919476668916676,13.175170772083028,30.51395676031914,66.71908713736818,14.82440763261463
232.15417137605283,77.4170878037785,39.73497991946937,0.8786244189245084,17.890562466779652,27.735101540754098,18.51193238945588,20.893579856252813,12.62367104079258
248.77210142476395,80.79229664157027,7.116219884375567,0.8672389518383773,29.68903159717261,30.649818910415156,30.845331642690514,81.00862995207734,11.552995197783906
230.92391376680595,46.380414907228634,39.91632246492087,0.8464529279737752,28.7796714320041,12.163785438851352,18.8061848418928,51.2717667717975,6.434820792256608
235.1759455254105,82.69425053662705,14.512610844316491,0.786885850282609,8.072891703212004,32.46508057779414,32.77480437529215,44.007656379005475,12.024507787743875
237.8299475593847,16.419860260207802,43.977438469891254,0.8874257358916854,23.586991875921953,11.75667042019735,29.47479181582989,29.677189594383997,2.3249160945581306
228.18164259071094,56.726464306280704,47.25806259744449,0.8164830058382349,27.673588810492493,17.85305439946245,33.67726193498345,50.76257620509095,10.134399635154283
235.10232320336254,5.5470727473215495,8.291002500850666,0.9711138029311142,28.514346936569524,29.080741080565357,15.301409431644949,54.74259398990652,0.0
233.372572476924,35.83565384052568,23.67110464820428,0.8899657930265035,10.50535964561759,27.716809168991542,20.845214749660922,48.255268614543446,6.546476840908143
246.04632041963956,39.8138458127828,49.06838152997157,0.8922816433219465,37.11356961261434,39.494738892488,29.739912957363927,67.5062065678828,0.0
211.8178552136583,42.63640570287926,24.686964362684183,0.8351819186104824,1.2599547410534817,9.006440968637275,43.51510684767405,49.46275701314582,8.386317038666894
221.2385275836892,71.0693846355369,43.31382860321271,0.7624774444746498,17.741592777158132,26.492716541583295,26.508271210654755,87.29923044926014,11.498074832408491
248.01645936306235,41.913019620682846,29.84784458443467,0.7576185036895172,39.010632426781676,24.387276331031096,27.73116078160904,61.94942624765143,0.6095704293778413
245.61055135563666,47.625894149140414,19.39116548806049,0.8516004345967674,28.194646052770118,36.603938179601194,36.44088267019866,76.52345549563363,1.6853876742298362
228.2262701114285,27.56669243306111,15.00339422076764,0.770295690743337,13.058121625543013,6.254485665795002,33.113782718583536,27.65491321766352,6.232618582398624
234.80530391206148,40.458920204787304,10.957931463218276,0.8956432693296335,34.74765596715238,30.071926543477318,23.967784502949996,47.810390506213395,0.0
221.09524731924532,26.59061458999939,38.32811137750716,0.9614335213535178,28.36954720780367,22.730744650750733,27.324491867022832,43.57933910130069,1.3674360080199985
217.52484638895046,11.953612758002146,19.940484834328366,0.9618995559644933,39.81218047281936,10.986634791516217,21.530993965716974,59.86376716956143,0.0
228.54793619759928,62.3276163712309,26.052497647836805,0.9081708984317358,36.75125930949117,18.977396565886963,43.98064377390625,80.2779464042998,10.622461786020427
224.1340891210421,68.48021586272654,25.123948520057915,0.8006956395535034,30.505396101811733,13.351063882791912,18.919031446720794,25.483675243340468,10.789081884421961
233.34624447403488,63.851582870913376,29.28667243242343,0.9571192395261293,24.4088837655407,23.172536111538435,26.155103536992584,25.080235863129754,9.575137711716511
213.1093854785994,49.03193416105437,43.41328013560306,0.9626624244751699,6.65910628337617,35.56002443258664,15.775169166600335,79.52223957103192,10.984686217463842
248.97579230664667,41.07964911702683,49.05622783558804,0.7971968603887101,13.066650894269188,22.772199376488082,21.653384758006393,34.89950602268502,6.214826771508657
249.44842977918412,87.0166967093234,20.97162622011703,0.9269822605849625,20.954973645854263,25.26889673306336,38.414134151404646,66.81272781148695,14.343976624626897
237.9264685607898,54.312769587940714,41.54842718320885,0.8187646917425095,29.964964350319434,20.749913884588377,21.035256968666385,58.00146926525636,1.9806559871304188
231.44385465376482,50.522278374824445,38.461861938081164,0.9426336749647031,25.68539276076524,2.0466202578190362,17.401902075868968,78.30255164210607,13.640228460320978
222.38110465145311,7.435996251611391,29.102918621323088,0.9893370959768646,14.409226297976474,9.31434227504377,29.233595395335698,28.756223688548246,0.0010079482008678031
242.55180078827794,37.418543624484855,47.846310036984725,0.7572062412790542,0.32321788948552754,19.68006917728331,15.299077042035554,29.08480760058279,9.152220474506317
237.38924690215518,41.11858378465642,10.823251260891736,0.9653678077898237,24.811961095040697,12.40941134978819,17.542984632789995,58.97728521948153,2.7380827655394953
216.50467757379565,42.88816418520555,6.3539463051714495,0.8994313280636779,14.281299428112154,7.270543910447769,39.228776086889255,86.24650573508596,8.39198140558636
246.4370873797537,60.11637507659657,42.844136380815684,0.9836118285995571,36.730415035526754,20.165313676737533,38.14420034578819,49.0498430859528,9.641591460802587
242.90148971692676,55.69224193905345,22.518341015053668,0.8616022842063427,1.1973132635241746,12.912391737914014,42.45416461214688,42.88594701782864,11.244108941728033
247.99199653167696,62.75098381537724,42.501473856145964,0.9533731033371297,29.241390565289542,10.32430572693659,40.635463077322484,62.46825262385201,14.604467731486253
239.0287803355344,77.66390984650218,44.76142005457533,0.7649745764635866,47.07371187530327,18.559416697615234,35.49526689719454,85.13140203815217,5.385709340485201
234.5366078374316,82.23364517802888,4.0604220873345005,0.8304669720187909,8.720463355574976,5.331370323286926,16.569985719019886,78.58494829912365,13.032982378300588
226.72972145162475,73.22169224151696,44.28977338631697,0.7660839690602904,23.58247453752977,37.10982932301629,38.485458539599726,89.68385275132539,4.574671702380895
247.30913933416053,95.7747511157188,22.967633713101687,0.984082352034977,4.5710995908569085,34.70808391676956,40.36532432521682,21.579800824166398,18.655627173501234
244.64255558001634,6.732095354254355,26.011191961207377,0.9460737377452408,31.28409561306763,28.304823429621415,38.97246437315863,27.900070129893358,0.0
211.80874680424756,23.59890863993688,31.703033043567302,0.9546113810990329,27.52658402981128,4.248553103538248,30.254371059240782,62.66274343566354,0.0
211.05467897989007,5.718473122923501,46.39274772977425,0.9751116555441346,20.368276210641618,31.03509017878772,21.98705515948445,77.44035075336947,0.0
225.058534675122,66.5100978446873,1.9366886270584374,0.7704248366687485,26.06885107368706,32.31829312436076,40.3598992706618,39.967103961473654,3.677643223183557
242.4221332312733,90.31290215024876,24.365329947573038,0.8425434222032,44.82873292345051,30.710584708573506,36.814884292204155,36.74477616239531,8.064245395205578
249.49104517259778,28.13081817474843,34.698380079097475,0.7670483733705605,9.814715115553351,4.558635484769646,44.422835231665545,75.08830595668405,12.411757202490994
216.01667564414112,93.06828175564914,36.4126409272132,0.8005903443720068,1.1282255852673617,25.756318282710588,19.670777932677986,23.94672976972621,20.298812349007747
233.7652286140854,10.725402077508281,34.93408914531829,0.8050477864890414,43.083244234955046,33.372991829975945,21.769937491561652,45.85678533078096,0.0
225.23563426524086,93.77142254652385,7.5873213409979705,0.8625857306514189,28.855854119395325,23.09413604878671,21.35394449644508,55.40664558146308,11.923798334124655
248.79657591258413,38.40415528776527,15.67038383021238,0.8144549201888742,44.53292277309212,25.85629500912356,38.7761930286401,59.22440720452264,0.0013564056458121865
243.68475692542836,14.63497870267557,18.57706074543366,0.7742347456362627,29.84726117065863,18.334539177052246,20.607218893503543,71.00306097549438,0.0
243.53314818844552,51.15781712270093,40.41742317629574,0.7901978613825859,40.50805449798512,21.148292795362103,16.999794894699182,44.839200640146075,0.47157241517635384
228.7477263917988,29.393773933448255,14.659233748313099,0.7853461352525019,21.483668167757397,1.3750743340690086,44.956824197568864,62.887904127222505,4.466651013956657
226.5927800935066,32.06292568638267,11.324543229492955,0.9835384314989516,37.49299656441344,25.558520878931382,15.744516343354475,60.97627959536695,0.0
220.93628287722825,34.19254666799722,47.91495293286671,0.9322302016604337,45.6520733444928,3.2578885156463677,40.05732180476597,58.333127045762296,3.3461501926680484
212.2550198660371,81.28746029410303,1.434300970559976,0.9822627516646949,28.606148186110314,17.400583773608936,25.961005246519584,64.83383051995486,10.942435735948179
244.58889505020213,56.22032128414918,49.893221928416935,0.855537716761898,9.039257528118977,11.706203906696313,40.248463792734455,38.16144197476534,13.700888802348896
242.5160403652031,34.57423141982035,34.16424364401239,0.8168084355990376,13.439880751509909,21.817118008468523,31.63861473633435,25.92541275092403,3.582596183234112
249.98870693144522,62.98170941453724,41.594995673006736,0.9415903673302048,9.93222884487029,5.336653420928283,42.0489368845908,28.349017042782037,18.518241583280254
249.86547348295622,73.03431405120338,15.436350420963464,0.8283009403298752,12.342851379786646,27.665736078932728,42.7857895924388,35.72076678577307,12.951893670576013
232.2172682241051,30.89928006968571,1.7014486056859388,0.8218520096892836,15.32077246755182,31.800461477138814,15.27294543842328,55.01385548659497,0.0
240.75949660722043,44.287164644908394,37.155606409514974,0.8058014381298795,27.756689337659424,6.53417798972626,17.262365279783648,78.83099253822141,8.495298089630214
247.79062919529713,16.579178867010018,41.87308525303311,0.7811229547738164,29.39958147319164,4.172523494075286,22.510761887125664,69.0905339461869,0.0
243.98589562709645,22.20918820579463,37.283330465722436,0.8115511346440238,21.324987362093058,5.820619311494366,35.07946249090505,75.2328422941433,3.585564289507297
219.89392406972792,69.70619612667336,7.999664077741091,0.8352767396337331,30.77103899104177,35.08510247594007,41.64816589534518,44.56829367482639,3.7524804306272466
228.02176541240374,22.23664303108456,37.91796819059149,0.9117586099549753,4.078746280568296,21.12757047025425,28.798258538818885,48.325761915398516,4.5973935445658105
215.1663766060598,54.89052144837071,38.67721632327441,0.7650155621326684,4.389411852907998,18.690439840300105,33.20919348822797,47.55773201934289,9.751900687748353
248.1620410903489,72.35939486363111,33.26848526783269,0.8005216655196823,8.591473017882922,4.268472764094171,20.654995583866835,33.4311229083151,20.118033321697865
234.2469853780352,15.153307694000665,38.539680706983724,0.9441656736700024,25.903874902017236,25.98224027027847,39.14900501645056,24.285166070050042,0.0
219.1457122201385,58.89466086474584,42.450150544208874,0.785261261660105,10.699733934915677,34.7199836758036,44.01984334060409,61.36412649790587,14.115490539814413
236.86802737623427,29.37346445162956,31.06660159763546,0.8322348351654052,14.164220174628866,33.127434772938116,23.057967987437923,89.24516783944102,3.122238737109292
234.72512961831583,96.47805314757008,5.341630984514274,0.9575181412459536,20.015641808649704,25.04218835923205,29.84477854801639,31.6780793465184,16.134842538660706
224.32650872131362,50.93683643839285,24.89376267369333,0.7871820746744262,40.59330620051899,3.011148666066945,17.583483315191213,23.267937392949165,4.745419944945503
214.54230368798517,81.56929222864002,4.804817398908648,0.7698568405483656,0.6931067956430059,4.495881087040519,31.774099693889053,74.56721772767531,19.788582577354862
236.86292782371197,57.27152150484487,20.969608520589112,0.8662891188192026,32.46894101183112,1.972359484392987,30.083503255400416,37.68102046793069,6.5759531524649475
230.81230803615173,9.12419062120782,20.948217967155752,0.8225806827068487,33.44382655203427,10.299168659698772,19.333094524652328,78.07506637470499,0.0
240.89273566942558,65.14938068143212,4.234482362871837,0.885218007476125,39.93278901783183,5.42645868641511,28.26198639354225,69.27556669241608,5.418911065830159
230.80654004447973,95.38331750963242,18.092206164504486,0.942913173716034,46.63764695301566,10.401921610097355,25.023139562596896,86.19714759355632,12.995167930930224
244.0872600127416,62.15312291390146,6.438906840774427,0.7829156371566584,1.0068924474644914,15.402322228758468,30.65492625915568,48.624906502967036,8.090813098590724
232.0762735509794,82.82294164554507,40.603525290451884,0.8893677802930284,7.689185275660809,37.719311362845424,32.56963006286398,66.33788876154439,15.632530003609332
232.43751886141544,88.99961401809874,47.43671327225907,0.8713221024935673,44.30856470279965,24.415042391267683,15.254867358216286,52.539834656928946,14.394448829903485
245.0661441063338,26.667578335148583,4.543507287638992,0.7845789086431679,22.925928109350767,33.398951427318494,37.830179488486664,64.14120881159805,0.0
226.13931464849588,25.14425979128153,47.80064515729337,0.8997596365269558,28.229531946673177,28.41406002849329,36.39042875585223,51.471923420541614,1.2223280187439785
215.36060913802564,63.04319394084421,26.606253367500514,0.8156737002865851,33.15136018615737,4.50012522106527,25.988591586195668,33.20425724968524,6.49286187002571
211.15130705253355,44.04770463163695,15.678718219739821,0.867080236450563,33.95333022478187,29.436816254957954,16.588078067064547,55.55281912023666,1.0525901705104088
240.20549022694476,84.78682377233844,4.766241688532012,0.7697453578264949,46.58702016582541,11.003955262364977,37.647976193551514,57.00089410062096,5.416194638822885
234.8123820541386,90.50219672281106,25.530589135450473,0.8603001737312695,49.847470870583486,25.564313879788255,43.65525481434398,76.74226937821128,12.906742540772774
238.16319072396894,38.57503103375822,39.93126168004669,0.8235512323302768,36.00787304654701,13.638478945719541,22.204547880660428,71.48644940555069,7.288817347271657
218.51856646035642,27.502703102575797,35.64723738606821,0.947371490684485,14.36106046025754,39.90689053058637,24.70573841211114,66.46541367590109,2.1488283278575433
215.4548590234708,79.14992394816687,3.4610745617347143,0.7636748944793684,43.98762011471718,10.542059179871114,20.51438668445445,27.93709668868008,3.9930916926077953
210.58178662671529,31.10657337707293,4.572189933027272,0.8504657459803991,2.4610457270380803,11.165218830970787,32.30808370034519,70.44314034646005,7.537907811395967
224.02350235226388,83.14836025879944,20.740790848999218,0.8600235417915452,11.55404264372481,37.22689022249593,19.645241839423647,55.02136094481603,13.370915353377683
233.59670747418534,45.25513409663247,15.46923420834922,0.9240014583117885,44.869285873185746,0.9857761854529068,25.685818303841383,82.58696752743114,1.8655427847828008
225.68976180398928,68.4172404326897,12.386831829746344,0.8878290180216506,12.809575721967747,27.867559514927876,35.91039041802789,84.39096538913799,8.948073999681892
227.49899688094916,14.075854814293477,14.769220446526965,0.9101309609266035,11.032552981087424,29.013055629435126,31.803479490280452,23.86096134212498,0.0
246.16634777974994,64.26663584427445,40.37065442154735,0.9364918285564214,6.906264657012362,33.45514309641597,26.593876929838057,77.44490922481351,14.600930552378777
223.930218680932,47.91792948003677,46.53217462796084,0.9569287136779653,42.955587882345824,38.977572425539016,27.60748805422626,22.638817329586942,3.1971999832978186
230.55957956639244,60.72780400167004,20.850032031850755,0.8253301192133929,25.002912959554337,39.0240767662661,31.863326478696884,45.70187379865159,1.679882258952233
241.34612050964571,20.961349735762024,45.39943910449236,0.8791254492873367,33.74466015270774,2.6110703026585558,15.17594183661484,57.96099829347554,1.6951939033881596
225.8617112928508,75.0030057696973,16.753289361146216,0.951625938825408,11.953319203751484,32.8735729101161,17.355296053608296,30.367055903898923,8.647721903101585
234.88346800911495,86.96572236660671,24.34541233084579,0.9874682714316135,37.902021050560826,25.852397346295252,41.43774203289035,72.24196687983537,11.421392125276245
244.4945483498698,25.590281008623688,12.075420892983987,0.9634846346505032,38.00027724810492,25.89368537492365,17.336369672738723,20.5848292920497,0.0
247.9808249463057,14.092882774415363,32.383326066616355,0.8391521430298504,15.629901245415006,5.133997064587792,36.20410788631516,31.80193339038258,2.6181333431106246
215.8829392371615,7.245665674401957,48.97007464356564,0.7968399641324762,20.53413165051414,26.007486657826135,42.601144923271576,60.6557780897433,0.0
247.06350500645976,65.98729254211027,30.571161706125555,0.8674542089775813,10.484513871510043,39.299303224049915,23.120508129051935,70.00712934261047,7.108870750164195
229.68465172318153,62.673933428434175,18.532890121563895,0.9279939484406501,48.828051166145215,36.47274278157788,26.11474311178543,84.16501718857413,1.6551810735508694
220.32977553195832,56.936254207836654,32.743054853535895,0.8682165769807915,32.28012885292058,17.56522643219402,32.06764217534149,69.38476563542366,6.589892954377812
228.36543024953045,27.034974131017666,7.023113244803991,0.8659634071952804,46.727194035775774,1.5979189314437736,41.45126908915754,67.02454891784062,0.0
249.2013030114191,42.13606961102389,44.54429493300454,0.9511753010596321,15.169277181456659,14.491739600008193,43.257167617812605,47.6038802445465,11.01932926912854
229.7047237597148,61.47525184268644,25.65111358821198,0.8367369069761247,39.094545649844484,33.05561246402221,37.18689744333804,20.0899097868761,3.8234871713999565
223.15006441150032,52.19285159162109,23.01813735994246,0.956350721954795,38.2929321942371,28.059964058606642,17.59859282564082,28.411148111493535,0.822888147610493
235.33603417266903,98.8396244204143,29.70737463422244,0.8476331522284136,34.582782593327074,18.373746223758257,35.07462466604552,57.41881813292274,11.815717479868674
219.60582475112773,17.961776492889648,31.61440927668072,0.8287759453628014,48.28194876334002,2.2040614063532438,27.309111656179862,67.25909200910938,1.4201620303607045
213.03453312434655,71.03873263452141,4.517014505099138,0.8589575786879278,19.677766805315777,17.075789112932107,29.121029984731848,49.22137987275238,7.143494904399346
215.15518887642597,43.410282969907755,34.44824383994672,0.9329872700819684,6.535866179487865,18.76099758871534,16.47445171035531,71.1475308069873,8.667756132420456
215.1218335583109,45.6789634179334,12.85465233546095,0.7802404866873587,33.58544296220304,37.14222131576544,20.731864180390744,56.53036067325252,0.0
216.07610774049178,73.17178773752674,35.9836789928229,0.7971406118092842,36.46549002386031,25.643444143286377,38.71540822600943,25.192333691601853,14.05596527440759
215.55308690597641,70.78143437581511,41.30420492482564,0.9783467581591421,28.753028672940733,12.466116666185956,28.618764991435793,33.441137567756414,10.378652379805331
235.63498979212858,99.1693194017079,40.39396687007349,0.7921179905715258,10.340894656669814,21.012730578028854,24.049867248934465,78.799875627076,19.431480293822833
217.2752033759658,17.197457498141898,28.072547402986565,0.8862545563034531,25.222797083467768,2.642212312886403,26.520572218948743,70.74389226371076,0.5888495201535497
223.82669133295454,14.890416691495801,26.488324723226807,0.8890354719988651,15.60948682845647,38.90272942598947,40.63198539977041,82.63333909087464,0.0
245.87153639624046,73.81218762723041,8.000922105631174,0.8675098708920588,21.373326408334453,14.40239607722904,37.46997052214871,28.22900743846556,10.541985251239096
228.9584656105149,59.94675711560886,38.991961369753646,0.9047388596584365,32.260928792233194,19.114694196525434,23.169461915432485,89.31557742305517,5.904797537515161
236.7023095408411,31.04526332318156,14.299059641889004,0.8051584141914284,37.26073713454173,14.211358969476905,18.5250552063712,34.658469976495354,0.0
216.8927948480652,12.544840053953727,25.33807571807938,0.8826389442664195,11.611234545067155,27.300469204648007,22.55994664932215,20.82459134006494,0.0
217.69156075234685,13.1375337116609,14.929430553448318,0.8393215812592553,20.266268032347668,26.48928633318372,42.622693531642014,89.81960573374879,0.0
211.63474465065914,89.94813309309124,7.5575897869849635,0.9088001423110054,13.45807854958146,28.612892421165427,32.447665135492656,39.675171981157916,12.80465452614117
216.7574025228866,23.227395848280576,31.84832714769509,0.7838936504095558,9.931580693093455,10.725729184476833,31.004406262343487,66.76136167587919,5.931424651345988
221.14361356127836,35.72029840097447,3.6622697063222875,0.8870105800414743,39.16936099979192,12.62673924656264,32.89180799077384,32.367761992341364,0.0
217.08041937106987,26.53235821156386,37.6836164721838,0.7944648852919977,45.46263472184962,5.010049243848318,25.98084797239546,60.61599725393992,0.0
213.54810135028222,38.724649054034046,16.561752967794718,0.8168743351476088,18.511609284228836,26.220398873844502,39.21321060958538,83.28244905181916,3.3117857592459803
214.82543484402404,11.59526506087887,1.0065999572197808,0.80249035207766,37.56394621868834,1.591885093426102,30.698587479007493,42.4126817199907,0.0
228.43115072130902,54.31068013628568,26.04532782262426,0.7938810671685161,44.849764468220556,23.907293420938363,18.502437083063867,66.91777832310515,0.1067147712565365
218.25334873623171,11.423193541260416,3.295743517852553,0.9481706283745601,42.30621052651158,34.787835394065354,18.871953744871888,33.153251215889156,0.0
224.57079444192303,81.03386824312435,14.532308333224075,0.8185698162386137,9.140669426961296,35.63328593158534,31.10577439507855,63.73567791031077,8.950457839073234
230.13669083419427,27.202647781491137,35.641847885330094,0.9725097076474678,47.81459407566807,17.961510414798468,43.097106542125175,43.55152462722571,0.0
237.61579314517462,56.301131887428504,4.071791459471427,0.9827823660828459,18.833822021473125,18.37214752852295,24.25056365028596,34.78457810115662,10.92347391957057
211.57248559364396,88.60751331833853,42.12758612544411,0.8871025127849034,16.962033058691816,3.0787673203206944,41.08623506577655,41.92274354925446,17.670203745553874
241.9764159563617,66.83335005948345,1.1871762102705723,0.7843202694397743,3.1215663638890168,26.830601017721428,37.92286759736638,32.518874795545955,12.376811212216904
235.11601557963633,55.63098972237685,13.09436959089321,0.8398915784110995,24.30868270524415,32.85037681491382,22.434373287207205,83.1341275486518,5.765007859995408
213.27036127795486,35.81170654596068,37.3042987514515,0.9414557432035714,5.450680782046435,9.786202184188522,16.090222449487275,47.80308204219902,6.595314506765195
244.94314496427108,36.63518174052881,16.497237336736035,0.8381737748872969,12.426991046371299,16.852035265334585,18.055417954271483,37.169551348205715,2.8838517337848892
246.83489602127253,68.60126074382806,5.992727015234663,0.7708841323926693,15.847131088364069,33.553573470610814,36.854818015423206,51.388548871115304,12.414080958392368
212.44311839419456,99.44323931601092,18.651462021220965,0.8836283786227651,40.4413161745842,35.08481870649152,20.9900921412194,42.43753167645469,11.733077934436121
221.07510592588815,67.87472303569098,14.249271032841751,0.9528290043590484,43.77443251979483,9.727199210569037,26.138127615161814,72.10934776693281,6.752421452189882
242.24805119172245,57.989424650152365,42.29288320586719,0.9410223329144406,15.123315873073484,22.02282538165457,30.050974980192745,87.98539383198461,13.13781345911061
239.93038761534632,74.41179847272838,16.354047961672013,0.7920295536312848,42.93490606222869,7.699726025433082,36.76404505350489,50.66235596883528,6.610593874293009
217.3808407742551,49.19453316695322,39.657691117024356,0.9114635074589921,42.861546868489555,4.075150565582262,18.39693669777376,80.27233799805683,6.313883663566444
218.37397293346842,10.713522547074597,44.701735095726,0.8029210232245553,38.232547519243674,36.4448200556783,27.190992158323844,59.61041514917336,0.0
224.81888411165528,58.418197508401434,22.257053559249947,0.8023698082925214,7.334755700759077,32.820300169284366,29.55218727428086,31.006496556596343,3.7865461163497187
229.38091940764085,95.97440202801111,45.58721404886521,0.9597772255932444,34.51614234503645,30.401396072126957,31.22481191914619,68.3435919456939,13.14261695073799
234.73019086121184,21.653779523977665,19.48858464419645,0.8099205486576553,47.25120322902844,1.9506527525256168,39.5508192418565,55.94041479880741,0.0
224.7565455827909,70.55046462796325,48.2398424080153,0.8131793631643227,34.12702393835785,33.749151708410295,20.150345851296507,65.54245662764724,4.575913421079825
228.5013886453259,24.088700422610366,5.375186701753074,0.7501568137827119,16.580842455391696,17.52176303621535,39.23494355479867,82.27811888001655,0.5493672448372856
239.89883752535025,55.90363002494272,34.66394405865889,0.9589605681901242,25.028965871541565,13.695804931834385,35.78635283089957,50.830419945923225,8.907053232265174
211.46732811562393,14.184262716438363,25.196887982389505,0.9402227551701923,32.28625216755268,21.859054441015058,31.67612442596878,83.08243362521489,0.0
220.09747777376083,47.78523894452759,19.994791467326706,0.9005589444217628,25.52852043642518,3.654129708942233,35.98583611207716,72.54683099971584,9.322826179360389
238.53398343538208,76.83551624504838,32.00288205868144,0.9300637833453221,5.997647086548491,30.265861974095955,27.360532168549692,54.202344811458936,16.369966245861246
245.80827350748797,38.0192948027033,35.48899749008223,0.786491656181878,15.603202232601031,23.297403075531836,19.151927579043736,62.225549496057454,5.222040500619995
230.46709768462665,68.16661382628571,1.2138002128651453,0.8599976627010181,40.119801527681624,7.463603874926701,34.97295720796102,42.7906792763308,7.9951572385839285
231.28453941061264,80.56774627502428,9.180701348612738,0.8342926529637074,43.07090230477587,7.529287990761824,30.740169200568666,88.8518109817142,9.21899322889037
214.28688045359104,93.081892850548,35.939256481081614,0.772506366301684,6.865001635778512,7.369946062906969,34.181244016283266,66.71458141352772,21.126210652812908
227.8964946729382,27.290997776268085,33.65288526533212,0.8666713164515818,47.61933761993623,2.2800955020773594,25.1399634308547,23.069279674764093,0.0
231.3046906582009,42.935012001884274,48.336327751305184,0.9709775160822325,16.441130892430465,23.511937974867394,42.20599732019508,42.863533402360616,8.912491169101688
219.6988201453892,19.479521266389654,38.290851722288366,0.7596141885721667,33.115686936536,33.61392710354033,32.62109605726731,63.63201036313402,0.0
220.76972923797524,99.28593270504565,47.58786267883556,0.8199506192385105,37.591257297834055,0.699928559495544,17.562074528726214,23.943329445946787,15.128454776907049
225.0913665241849,93.06509195280806,35.42448457520554,0.7998098246893688,40.59731173189417,1.960185798850942,28.49411972113286,21.671893392339992,15.23773917397019
210.80284791110904,56.29592737665316,15.604558223332715,0.8071551968797671,47.287485111296505,22.91081106747783,37.69068164230903,51.50169676694618,2.729632587167045
222.88316662332713,84.99316296576002,6.162881190291968,0.96802429245105,15.64597740144113,32.77982741544209,38.824036851968174,43.2883125784869,14.769742743783963
218.45792027986178,54.491007840844006,39.309369303901846,0.8623365730162296,42.92532272757772,13.069555622745344,29.837911582912763,50.68090256232161,1.554198766882438
223.09989408711658,64.24064036026218,32.563311852319885,0.8619118591055566,6.584345171810352,13.984575952308887,41.842427124939036,38.38853169160036,16.453177309355382
214.79048527277004,13.46682105102158,3.3611146072715155,0.9325381541892678,35.25204531767964,23.853859899871036,23.030053115828927,31.530242286008665,0.0
245.6210912295958,76.75068994719675,18.642472829147938,0.7870781289611822,37.098886475699295,10.96851556496588,27.317960917148,68.24003498862365,10.798998129273167
233.74369814216195,17.132780945347307,47.88319095873002,0.8669436849840122,33.88616206006602,1.0643346431073653,41.9579073170691,56.01997813874603,2.6855944703115116
237.16409276577957,83.4764248739902,25.51965613979986,0.8531964513890543,12.61573680675765,29.409140724063842,41.887701494147365,34.01079478745568,16.008149933093655
241.56684954429352,79.29266832868666,22.203727664965527,0.8932585657311974,43.65215735076017,25.025996517658125,35.57138306474043,42.37125983819988,5.9596176798397416
229.9376879571623,72.33074628558276,23.427280652805404,0.9898938487801052,8.44292316851975,23.230239962226364,40.769416413666605,61.42655353643281,18.013896985902264
213.47681152349693,8.4352361498524,11.235253476253023,0.9346677345796913,2.681739576041542,29.667365159672926,17.66319800868698,25.05605437907345,0.0
231.48426167274192,33.79719381480622,19.066651372374967,0.8454877687241825,35.87324953059561,27.0092335024815,40.94984928623329,30.321710648632568,0.0
233.47364472083515,29.995694141530073,19.120849543371655,0.9486127325457713,23.773785761636685,8.235279527132846,24.618597196506805,25.12719228751731,1.8001049954878101
239.8175789673732,39.212958709794314,3.5653959891861478,0.7909700071949952,42.454900997933805,14.099241877734045,20.34994537284649,76.86221328998832,0.0
227.26638184918718,13.326060942564661,38.61081379737799,0.7573112847141504,19.16985705291295,5.044405667145,22.18109509026139,72.66864632484065,2.8621259555894385
215.10321211182256,94.01099318795096,21.40871716329007,0.7990676093914255,8.413929425385641,5.194280536715241,27.539055240416612,72.731905231548,20.8268731702883
221.35103623194897,57.61121286767575,41.28681445400474,0.8316987734674223,41.82210962349349,27.04782985426157,22.535760138134016,70.14277404332196,8.773757149306169
224.52329185594542,34.024809512512235,42.66705205487487,0.8725393817902943,27.445481582003584,34.34400427929993,24.61702758049497,66.85697965689084,1.7168156035149442
235.83668965326405,42.71324412205693,11.387708680234246,0.897630993729888,9.459789619517744,38.509303354445564,19.049354582149263,53.38943407647225,5.698398978940002
232.83113218675646,47.48424134795939,33.2103206263363,0.9685453721314612,36.01919992932229,25.133884701977777,23.885302966769956,64.95947144549805,4.713617090659252
224.24386903591386,62.056461669258645,24.141808403986104,0.8723649622921098,25.555681924475028,7.364052934438279,32.16851443626004,22.685308835158224,10.94426844931977
249.4606099517192,53.98954563116729,44.12768015815277,0.870306154710175,30.215649112015992,4.226013817957228,28.255611242731916,63.50250958597492,10.185733289588839
234.23099277427548,92.34223745536964,11.571293279646252,0.7620583223575157,23.044916910329093,32.51403886147031,25.401562837077336,74.4514393875814,9.81414702086769
219.48907166943977,52.21153087605387,34.212846815192165,0.7583787726374938,41.43544919090032,23.15025905439997,37.39356386571342,55.025085226907315,3.297206484601192
214.07129890481616,99.2550114082147,30.779853990383405,0.8822783908599293,41.47813578415249,24.731400840548794,41.80529914179954,45.025932989906586,10.752335374401808
216.11436556737328,85.88537098578409,15.469772401019807,0.8551628671796027,35.46944109121931,31.25848355018837,37.70367668707191,39.41987143606854,7.367243116896207
219.8383091353803,24.8084988639469,7.693444278907458,0.9514032947952716,5.270068869823113,28.131089109298063,24.960021063530377,64.99614351134576,1.815626994194613
216.42725493038222,93.40654539117205,32.93034826338655,0.7885631003308429,41.942693095203445,33.378330114243866,37.333265035126615,68.49608390409361,9.35858915913902
217.46268096205222,16.054807799120226,37.191275448484205,0.7559931989080919,33.55064902664549,2.248556218395139,19.559405474221535,80.96773199037798,0.0
221.4038067477539,82.6577223066632,16.465739844404148,0.8577693043032302,34.85120830021498,29.900825469860195,18.90953964273873,43.96338577226935,6.731409262603022
216.9349438117902,41.159212880275106,32.59679759709337,0.8069948536205418,18.149142020193583,34.03411029288382,25.368811111084767,73.88406151699098,6.822739681587269
245.870616985057,88.4075604422816,20.36141447296366,0.761907449601321,43.963977807850334,11.445401698332574,39.23107107132171,59.294907693253656,12.377655669475494
213.20934982646568,87.46538556020778,35.94713728084827,0.9239035888434309,36.26858001174288,25.617890959730115,22.390447417269055,81.79855434746554,13.545553333497454
230.98045558281018,81.562913011174,10.761548469808602,0.7767823199897393,5.629523326459723,12.566482553478885,16.897602266960387,56.94684758069345,13.593164575386663
226.41587307958645,80.05289144917083,44.620535129172545,0.8959966800018652,20.388901720308134,38.31884265929816,18.951286056190654,56.234087987857706,12.46616582213026
249.29514467634425,33.944518214313874,15.083070226813406,0.8174519400400534,44.319018098007085,1.3369428974201503,40.762349055887405,60.451395700863635,3.403996487503097
214.4815560867221,12.687331889868958,19.021513400051493,0.7916390520852052,2.3598350848689496,23.1917137533182,34.01349854241863,72.45207485997041,4.926820394796458
225.91422396182966,43.28311698269034,3.8465056519371394,0.8411403655006362,48.07083098210248,6.6601418819806035,22.5960349010993,87.52833351799227,0.0
248.77881733101475,21.484828923718325,6.464098403742543,0.9423469862935089,33.95812841597814,28.488808207086347,31.65887475984544,25.149434795103595,0.0
244.6202850357592,71.02035344573386,26.277233232904077,0.8441024584570974,31.56879888216883,7.035611336746483,30.827388672760513,23.7404221673712,14.083487618651434
242.6828828379712,37.87947402108963,14.112041159670603,0.9301847158106533,13.52796282439957,9.415330475934303,34.66307935321984,85.6285236185137,7.023596231761201
220.3161130817976,97.68296908169192,41.93853106136753,0.7801167112317962,12.439589436958853,19.774832441830323,21.995626632648488,57.09129378627443,15.285044872066218
216.83550349560264,65.89234734780655,1.7199760440927383,0.935465140719619,47.102910974429776,36.59339799987512,40.93208961583193,63.04321101968553,0.0
236.74572879697723,83.13565354526429,19.575608384924873,0.8068639979775957,14.913622711706138,8.468574885918834,24.281056862400384,53.76965211163102,13.689275496291923
247.17503956510342,17.5898439104756,17.52993179168554,0.9125743511733295,38.77526483594997,5.769600844724141,35.823949619287106,26.556021682523216,0.0
232.2705157205572,86.89137581589914,1.9470539149624506,0.8857875731618391,19.65608991035396,30.359073274161226,15.483739391166447,73.76625648930666,14.543236609927078
232.864507578796,92.66193309877247,7.094051551025001,0.972994732130805,6.962703539235199,20.02478129335724,26.179713896824417,72.30572515620108,18.572225361701967
221.19916374641136,51.27088228779891,21.268491071013127,0.8429574043140754,0.5357648847679475,36.47140449527085,25.55129453876425,41.81923250449684,7.2706933279516495
240.77971732767747,62.59402908634286,25.150364637924884,0.7658796453202658,27.21286685076254,5.864582286393691,31.304532857490436,41.436747165988024,10.477013268099599
217.48174994230092,77.65693108578456,20.810197615488587,0.7545973165323007,48.78894092744663,25.837115720921574,17.182087853315895,78.6488966633863,3.97582681912263
222.94716945616975,21.60966958973919,27.015946242192598,0.9484460546334608,18.456809690460226,9.315165846072603,38.703941211783246,25.065008041892863,6.009368496654364
227.01745754465668,52.74377726402703,30.161452070378395,0.8759365530387437,17.859616699652243,6.270417146065572,21.533424053027055,81.6773603849596,12.215826884114675
230.3044151473782,42.87298763836974,1.4862672352639459,0.9360585724403878,17.204580892472105,27.33717660629082,35.31113444646031,37.96631829271401,2.3534906993177236
219.6963892966032,18.905529255413665,23.74066281322169,0.8062621440027635,26.027191865242923,23.74738479634933,39.0963636973228,61.50893234288458,0.0
214.59347298956814,39.91577011769549,48.21146280349183,0.8328200989231761,22.033244171214676,30.19309833449325,31.856308687245395,85.51959253012444,6.150068361644866
234.42480169766532,11.476369391621889,26.432581726347887,0.7572249293307165,43.99573133635072,12.378503057847293,37.226496201659565,67.46857510756524,0.0
221.54522212961024,7.452131160201263,34.19957110548871,0.9807581578977869,25.276039586174516,17.918866255287597,34.85580936645017,49.01008687269256,0.0
233.24952885690448,17.840797469708164,16.28132903792728,0.9102882976081952,25.38789190942844,16.21886705321674,25.66589391456023,68.26739462337906,0.0
216.1745086109681,96.49593560097152,38.925577529485366,0.9739692210622335,6.91857973602783,39.36357855866057,39.265756171006956,44.078574542145915,20.454923411156106
229.2456040741927,57.20530591002661,38.87315261192964,0.8137191377829773,49.136977045519295,11.689958269575516,23.84104109656584,39.408089144443025,0.6142818328047128
231.30357730206345,96.75310530955589,26.543506335052808,0.8967512666941586,12.498644543441484,11.792689533870675,32.13638753254551,89.76782945542757,21.49072990182235
212.07294147289707,46.087298441362535,48.82467734068147,0.9128399923902331,3.668203372980133,14.181928353144295,37.361932174246185,72.55531618258513,12.344164752885373
223.46417112775683,34.62253264309966,7.151960523370016,0.8262119280618212,33.15731244876044,22.58376325161286,26.368677294375228,65.13039841672723,0.0
215.37658707755898,53.08347696982319,1.8304355795894687,0.9535462164037511,29.768318507843635,10.09290977054981,24.08302822852275,44.87027502535231,6.375293054548914
212.5349988189107,46.75361042012646,38.7377523760977,0.9773187510960595,20.757282699637287,36.61159761517096,28.780380305184682,23.44125804085337,8.596828181060385
249.5984092955978,15.038145004865672,40.550621330879245,0.9623652282470411,21.1096116940339,10.62742259465054,39.53890483047461,22.173981322460893,6.535114008241683
222.89415379898892,65.87849989556959,6.890154226908236,0.9273760742254494,39.253196052321556,35.832629262407785,42.89765289436994,58.792687881415915,5.919035457503895
242.3949778341854,25.523627338411963,14.013558814971697,0.816591523133989,9.785632004982453,4.139002545863386,31.352502385796704,73.34229047273357,8.330432542707365
220.18562619055055,63.86085571529381,1.8600658049648167,0.8175878501053516,41.012665947244486,26.262508095986092,34.84398615970956,57.616543331069856,1.8653554835244353
237.26010888895718,66.76910377782457,15.37212192824767,0.9812064769070491,32.437355694750906,36.27942073752975,42.09820866716743,78.85495503573802,7.321033065427399
240.40911439558747,19.44236104722157,38.88395182201491,0.752468279024566,20.94848868897622,6.749977535929181,17.95640554238827,22.339857316525514,4.846782892666002
233.82554962431377,10.828214575513474,26.380065857916367,0.9218519935781146,22.90143082919343,38.7330784039702,21.96235733598495,45.67264534981581,0.0
228.86304754200634,79.17235067650178,18.056684065246117,0.9194990790132629,12.83236035930479,18.115334416620467,36.267000187547474,36.594927382192466,14.3780926277458
226.47363656589073,48.68104025808542,19.215225450410184,0.8994454898279514,37.60571663484874,37.82860433764098,39.71233385736899,51.30910777099854,1.4377136158213069
223.95473066171982,10.5255605730202,1.0663276600579397,0.9876261230608477,25.643737115263388,27.07280174520188,40.71087084991734,25.066347523588576,0.0
247.18116576991304,99.51230013112787,15.690225850696558,0.824851064583294,16.04272713749218,12.063474794942062,27.45321530564798,86.78921490997507,16.505079680654752
243.22477631150917,10.48915329465483,32.6764783402586,0.8315932473103795,29.80250578804751,7.532100996684257,17.680197068756005,35.62787807485526,1.763841820581534
248.6010764266605,71.02834674156256,48.7355277470015,0.7689454567071733,49.78672260256615,12.149401849003976,28.133444318988598,84.56154428385094,8.18869490571209
214.9718889394218,98.4494979000243,42.505980522211075,0.8562715527704969,21.763113982827694,3.7206963705069995,21.92203770621161,49.81252085256773,22.655412906122738
239.23469900814578,27.722109900512933,2.156153267630927,0.8126516462963636,46.03457003893098,5.754718653733191,23.735893649898724,88.98668932786526,0.0
247.53361827284152,18.513690025283637,45.02946962906713,0.8324128085226346,17.250841996228306,4.186417613859246,38.16802670512517,58.784086842214755,5.0344083991949065
217.2493226466264,16.531569245130747,39.37672225163267,0.9502972296613507,2.7366353462492943,16.91774174966231,17.265812580776604,85.15830049230652,5.194218297707504
212.6598506946711,33.81113901892158,39.23843005497804,0.974516283246599,10.212105318421443,31.823135050303456,39.82743652442106,20.3744292085956,8.38112263201864
239.64482597160236,14.599352046011436,23.441792191175004,0.7945759372812445,20.93475716638421,5.655342168653608,27.830072574725072,72.37671643266302,2.279319231949048
232.97892452719648,70.75532746094252,20.502259354770636,0.8394021435728318,10.981746429728451,5.212817326893435,32.88191793301785,83.21354571717609,15.174120172171255
243.67315107033087,10.917720822355957,15.84287071282644,0.9728713349076945,0.011351910912776875,25.73715798069323,17.68956693707037,29.780439688526783,0.0
215.59089506505157,53.395102174230026,4.219048088763923,0.7648340305654134,45.75007688737636,7.887319278722651,25.12077235071839,26.728809621250605,0.0
241.8106924743956,99.68620111603279,12.183532811191256,0.7721665267467308,42.19397056154645,3.904401524359664,17.691027570445375,49.72008250301689,12.336679954606623
218.06509280190977,82.32717560307178,13.083578113923206,0.7890698374094951,37.11461157434736,6.673943128223105,43.84631168643328,85.35752342930546,6.514368428196011
216.54623771462818,63.44584663194603,24.719776415799878,0.8928510801904499,8.390729782301431,36.94925583507104,39.21784947978752,57.967059213330714,8.415425012437602
216.57063191723972,34.09409397472811,37.624775923238005,0.7861133450414394,6.018178810499303,32.85885011104763,28.78898263069381,56.921952460521254,5.8757856867915335
242.58298880925528,64.27010444770565,24.216681591499384,0.9823383315481761,3.3802374736191574,14.162582494203765,21.708076449710134,29.878828280952533,14.057462454744861
236.607888827848,55.068939071606906,3.8343780229108697,0.8572114865420448,36.20145943864606,26.232830693095714,43.00365315749556,20.055265776525314,5.738363328557194
230.92261699076477,45.47792146958529,47.93170024842199,0.87036431048404,46.44039803439426,21.491026946721522,25.337897871809155,76.70980635218228,5.136666060960724
224.3532193649401,17.41748579031895,47.1934916356115,0.8091980677932975,21.526791045651848,27.084970539302557,19.829532950621243,26.130219409036677,0.0
245.08802163252432,89.22740044784435,39.47428761427201,0.8630304605843361,5.957033599802408,27.306846098510373,31.894931653618645,64.36948731147268,17.26323871750228
225.69780429690542,47.72954163802564,49.575067176646805,0.9088592718328827,25.61964103660533,25.149360602399717,43.31322361034448,84.0231518160634,3.445924671730724
242.66397757886307,23.489138622972682,27.679634307212883,0.9302825128689702,17.441595372931506,10.644054741492344,15.114908715009678,34.605633921090174,2.176179231405091
227.56539634280873,39.93713833334251,48.1756491624071,0.9309283398503791,18.741246217499885,1.5602568305127251,22.14374529761996,66.56909853658377,11.935807370868648
225.0777771769963,44.34232649024807,4.7046469902207875,0.8886938670465812,31.066531207785363,18.222671279604352,43.15342921231223,25.508900369525662,1.7232238481936781
228.50719142678426,83.61610007885305,18.918356664807195,0.9670463459985257,35.93590566311012,35.63895538762815,20.13257900571486,62.26286006863291,9.76427333157913
222.05511496656567,74.6933661533332,12.043682132331526,0.9461778833534662,5.530179943658043,22.779890340743037,18.397303549194596,31.475220466724192,10.249893227378895
239.90437520705004,78.08396489592728,10.595821122579231,0.9316915475276701,1.7795115403238193,33.295641668076314,32.10561647399413,71.51674923606245,16.36364898872907
230.10881560369916,6.0479701207214855,7.899344495741128,0.7633453252033106,49.71651513428574,39.664973718449126,40.85531469884489,41.08619063557357,0.0
219.28850780587268,44.534629827077346,31.498268436733838,0.7516507109327158,11.636417445777592,6.544648165531051,29.313294530817785,52.43737061632524,8.671420342724632
245.98298293098273,50.72769440535574,39.28477093161795,0.8009873465269135,2.6915262454229536,27.67110556567929,44.83692770053574,61.96013794193352,11.290443318755647
225.35564885492846,6.823266298190385,29.33662157159767,0.9092456625392286,9.493766454795999,26.971742948000987,35.375150986139786,31.98913874663677,0.0
231.74211444455955,29.682254830778252,8.201172769822275,0.848687397331811,1.947892317423211,39.19821789433114,17.222247216313434,71.91464730323347,0.0
246.25888443858187,77.22753319660282,40.745064726740075,0.8465775022318348,19.590544730858582,39.424029358112016,44.78496395045926,41.18482384457702,14.517812558531494
234.9695198365597,18.02542204425491,32.161780651022696,0.9623008531751073,40.120089222566214,27.46714446896518,27.236827103405712,66.36603019389275,0.0
214.67592162833455,55.85446248799621,20.02011960022278,0.9649350835516413,17.062222487886032,9.74459167928777,23.622076015364478,31.079813548956153,11.979239130985743
247.593284944539,25.44417784163756,34.03238448126709,0.9682020633728605,22.209170343918327,31.942233525223962,31.736375507336568,68.16823614444452,2.5056912894375163
235.10832212285672,6.151473591169861,13.73534398289881,0.8253307383636066,33.77933867837194,4.281165368441524,24.12922775462593,28.973165096732323,0.0
223.39622458628344,27.91413847195644,17.914418216216315,0.9158533950574228,25.444703503494008,31.227972166865147,17.59372521360457,49.774954738898856,0.0
215.5708829065355,97.70800671645512,45.956806313467524,0.8151919635058487,43.07228430106621,36.40784496578786,15.042850292375302,37.304425161721376,7.901845513976882
241.76100757081184,81.14602562888402,15.234720777899598,0.7957463599378679,43.301783752287825,15.31333579073741,28.48750058760787,72.38626745997277,7.546629603986303
234.80291023714054,96.15978121049817,24.029425139738894,0.7943117897633686,0.49553477455768213,25.22541179932322,40.10590266679777,38.342450315481216,22.36597869623874
231.33844367905286,51.34613417300443,44.61691573240472,0.8321058290072626,38.90231532415996,17.205709283873052,32.16945556890229,81.72021144767774,6.9667897582540155
245.7557033220383,15.424938874362834,35.67834616310885,0.8531898287471572,23.036680012083693,17.510602199525138,44.97621896830323,82.4274147984629,4.889085188901877
241.54388844898122,57.05615145250083,4.047958082070435,0.9494278010532164,49.442027065183154,12.414835564324802,23.605399369416,33.75089206559501,4.114111091668496
216.06699518931003,48.16584678319629,8.217849169669547,0.7787738624334509,24.161603793771757,30.485184818012986,23.41365194280166,62.969216150540696,0.0
222.46888271182192,85.21392286026352,1.384237947823924,0.9263822033747746,49.344797269414876,37.44706256666021,19.79248380701833,26.140234920397504,3.4381183691280146
219.93956559257862,14.317845174503235,31.915167721229007,0.8775491794054333,37.72846806028683,37.63003436937844,19.921907647960055,47.40759697211404,0.0
239.7578517029071,51.38290801706893,22.9359978451105,0.8191068822422382,12.430244230665316,6.991251394997353,23.555597880301434,69.93252106508905,8.149282884148509
211.34129738943116,19.254623145928505,7.579467694211501,0.868276700287878,26.919748964347885,34.98974598626264,38.78520135820581,66.15962727949415,0.0
232.79558739485265,35.844213054555695,47.93877193178175,0.8219860967464854,49.60678197392914,29.497257657084887,42.172703719093434,63.72904685846256,0.0
240.49834742962761,75.04892235184097,26.953326473335373,0.8930596692571935,42.87653038759618,10.113496027611571,44.25261509123044,39.77786045637105,14.145833193427658
245.07062547046996,50.22172229003282,12.85277141153157,0.8541225414852586,4.868344689561055,2.691384516860582,21.968689622893578,46.461746460408136,7.357282215933688
223.6832699486363,40.70938708884809,25.52957498658067,0.7894573269789309,35.3185998404998,10.719890675375119,41.43892636842275,27.20623012902003,5.553642472882228
242.85029218688052,42.47524646415336,34.30139630402028,0.7779799378933672,17.27897929354065,36.488329471261025,24.84765267832011,70.33159743035208,1.894847611147828
214.4252694782083,48.64744299856873,4.73572168070466,0.8812069636973112,0.34911309401740587,25.32714699583089,18.385216335506534,55.27221577538915,3.971862216889757
243.8580916693807,79.5765716645204,14.460486937346708,0.9665791279886649,20.17404845134998,28.842186435914876,41.100747765604964,69.61359426419583,16.25667850828005
215.0995464932793,89.74804544932226,40.541309053315686,0.8325498447738445,11.737721086248564,10.286094044363834,34.08316903930856,37.42604673578109,19.403805339228125
225.8914916224147,95.75679521787319,23.5235786497304,0.9259200257334296,40.94346352602358,28.77552622299281,19.94192688243185,42.71067600445463,13.381717632405849
241.89181463118214,79.75582169425303,27.78227995958245,0.908078725185544,16.866530442288273,1.1248602511169503,27.894937725390076,43.39507360820802,19.751253076368357
215.99669709395096,34.96365509606121,22.207984108263993,0.9735731794342755,41.37618469769085,15.012853830920552,23.61773084631203,21.801968682305134,4.346667713593348
219.17005580930567,70.37279707822151,3.151097189507251,0.9470354441517939,0.029896941739765426,25.07013394169325,37.10383706130591,43.873351098143644,14.12795498341919
238.89010273572265,46.57229678526223,9.121739211187641,0.8859852621373111,15.390957501305957,5.843862621652809,28.60248691872804,76.23132014626235,7.931744089450576
238.80146146184296,29.19370909437486,22.831540298352653,0.9076873195761858,12.058260715388098,32.92014297787739,44.67839835319155,82.8108947024817,4.181195621363055
235.64590531541188,84.88280004546264,11.250087804988462,0.9656127519801684,11.67836805343055,9.401251952476745,16.642349467787852,56.27528209451492,20.012663859547654
237.757937778684,8.650503151420875,3.448972404324258,0.8458845083008644,3.409330988273135,26.091244512737852,25.6504579840874,51.885118665345416,0.0
231.70897773390385,90.66738925286523,42.33883353853936,0.8284307294058666,9.356213520525086,16.207885703013186,29.457005013299323,22.157723308955916,17.504574844496787
220.0719623562781,48.840359139349744,49.07843392904167,0.7525946600724471,27.777478494280995,23.841743819105886,30.094006642449592,81.54430363097678,4.752050110514514
223.82783974015678,65.53414029678663,39.864000825840236,0.9483722578059515,14.568053641887225,4.298022105156325,24.478074671569104,20.91071493981109,11.353894657033507
217.26390867205703,67.63862260954936,42.835461163528684,0.9422353680968076,20.869739116457396,0.676511996864293,36.87720747292704,86.13250561471483,15.974694016637942
246.33802245334513,90.03618536712095,12.856879385535223,0.7750690843440363,18.843344017359424,36.38257709521205,41.24241220466924,54.24513740816634,7.5400133037487995
233.33567179064482,65.4836198058847,48.070721800146785,0.8884457714718481,43.795246249994726,10.785200350687312,43.16157905933589,43.93541455023086,10.269593698538015
226.0340566705456,63.32369055220587,10.649359518217992,0.861355607560053,45.264949950525775,32.787080111218366,39.15280130398578,84.6952904389862,3.1109539212664608
228.4802321457653,11.331943853265546,47.620060707729785,0.7784901829221867,24.647848582793003,39.974012018888004,40.517405919197984,21.707369517706773,0.0
247.89133358447262,54.248762084794386,49.7461454043316,0.9853363744945737,16.50779751578022,8.457250319956447,31.516359018599864,60.6997426408361,18.585121685664394
216.1340561246432,19.266055077618958,35.874417481556385,0.8015270129912053,5.340035200118182,10.606829647334223,39.77664679280444,58.42527671495363,3.333839864799568
233.4491932806719,75.05620802854114,49.07604285779927,0.7661362032217347,47.67014396910475,26.514391505386627,24.105117274438566,35.35242808479674,8.408287910941105
230.23554715537864,53.661082477204076,28.90744919878808,0.8927633710804583,3.0113472450148726,38.61794538402485,26.95436286327643,50.02212019451474,10.223589438399404
234.4581694173859,69.62163902479357,13.717547375628426,0.9273280025119278,14.882513878414022,36.63257392762976,24.50739041455633,65.65848041606392,5.830779609440434
210.72440735283362,8.958925557226506,22.412798397615422,0.7577864270513248,14.903310058500207,20.115020802623395,29.021620063437762,70.89918378173493,4.546632235332324
244.88495635776604,13.055241524351306,30.08448583356051,0.9080922332944853,16.020064307010745,31.80441130106899,23.567388487159093,20.050180109460584,0.0
247.2847312993445,73.05072186595481,4.580996539323735,0.8777500502283491,8.214342163620463,5.429834123996042,43.8483432676334,85.57974010637108,14.294170143237297
232.60532734356835,11.848011919873969,31.494819966245057,0.7747836021300116,39.15807154618486,39.09752736816049,24.385338840170043,31.516776067496867,0.0
237.8660329550757,11.769389137699566,49.07771400135243,0.7914057304671269,6.124893098299461,38.57412936143946,17.941336143328193,36.35063039556515,0.5692744683791437
246.89997524709185,6.150305147314308,10.315274839402655,0.8863138313558593,31.74533295765814,6.549158315166839,30.8045149815124,38.44314119856938,0.0
238.28954537253594,95.8676328384506,39.83716069813078,0.8211258272431892,6.192301335290873,11.976924992124264,16.71297235335529,22.647409558642472,20.74766422182585
216.10156171657044,75.06329414860566,45.487040895201346,0.9751957748763158,3.526781879647828,4.006199900270677,18.316294989257415,28.613648651322745,19.381578603381843
233.05153440667252,38.5588838076961,47.24137804819082,0.9464976550761721,45.47147518429382,10.868703955927188,21.58168167588739,89.04449460609135,4.850495766569988
234.26860185531424,33.17088022232724,48.04664461586691,0.9860561295632791,9.506438315935284,32.63823157660826,28.93050749646425,42.065171616410026,6.341447140135612
226.96522685209544,38.22180682585571,26.551522297352125,0.8123210013480994,41.06250772798521,15.13262428661038,27.997527969270838,28.071076323733454,0.0
239.45776942498892,78.59208546221228,48.88808749158368,0.9827336718715145,27.23154355535679,3.535878685870335,38.99075586008374,27.489388282223633,19.057475104656998
247.3746805907606,67.83020805168937,38.1082001495875,0.8534961287499738,3.89282598043848,13.689020991156182,37.1842396165234,70.36219773689803,12.424376196422077
247.02274051627106,22.593578947409455,8.921900375611134,0.8334045108753011,47.772409571903374,39.255333369651204,27.78954881972104,79.81980648228486,0.0
228.03357485616527,21.540386856738014,24.36810521693053,0.7620838864726448,12.348058349594627,25.187343810368116,25.011126227268896,37.98666096559289,0.0
214.5295218336302,14.347586722772744,36.1982275932282,0.7626636618863046,42.98226726763033,16.64643785624631,24.494063521844957,21.46366586346645,0.0
249.39364795849337,67.72875837162712,13.119675475135084,0.916082701427197,8.44050028922821,6.6615405398908,38.21985261882027,35.616301291174906,18.6374437863324
243.55592345783737,77.61540291106492,32.39014399389548,0.8599029586641667,42.69714410709264,39.44707189134779,16.562172186638094,23.956098355773015,3.968475945903882
214.98650724813066,30.179410690875383,33.66342347328434,0.8043651902486654,0.6614406452646993,32.83396037052515,15.384649485318175,27.237645564102905,6.419560109548076
246.8336753046949,6.989771297936717,8.972287446619728,0.8973528735180558,25.589022828474032,11.259092098036776,38.86633175779944,50.20556838933497,0.0
244.79585448248514,12.806308410260598,28.68918031018506,0.8106859483800267,38.472128971077844,2.8027478288475782,29.31439127967148,36.09428596031428,2.267633911720921
230.7535222850429,96.9467033102779,38.809718637951775,0.8886316210426615,46.739775874639164,2.2650222951023213,18.92643415660728,56.11621149677964,14.288674107141183
233.65101742979718,33.067253860354924,25.445887562261156,0.8362100992758457,45.460106810324355,4.815125980221353,22.06697803783504,37.74456272800333,0.0
225.9601081548052,78.0761990446227,1.5930527220292638,0.9476525343868365,40.98124347738224,23.230743344576865,42.975118592921476,85.83761107720633,8.720264728821835
212.19046555288125,64.34303904115507,1.4428849848853167,0.9469670785840271,44.4095674830652,37.150536848219694,40.785089268746944,83.41607775483851,0.0
223.40788966583602,41.28426576702511,18.494437854530595,0.8645640955493763,9.960984291853825,19.869737120239378,36.293551506719176,59.676427350732624,4.98263900689044
242.11413794392047,24.540289908577737,46.383509353157315,0.8341965862404037,14.209214785586438,33.71781929824789,29.4667569101198,44.80967943911703,2.212914902274745
210.1852809201841,16.53170972514361,12.20516220057683,0.8370143511741827,14.448426246052925,17.835464794392312,30.60970878574157,46.68028174243149,0.005175851035740614
223.33996686764576,63.42623196369233,32.08382075471267,0.9433714861603723,18.85269655008494,28.34334183071301,44.25733605851876,48.829659820114784,13.447003515504708
225.92674774363775,78.59020916058986,11.881717663972708,0.8287630758714268,19.666033519259436,29.274909491460033,43.97311331652861,70.93055254944608,5.909419645042948
231.49582411751692,66.1709040864074,16.761829493317883,0.800174249689643,27.227766232733774,6.958548236133546,21.458071373575027,51.614729686318654,8.563211940137181
246.79422465651044,55.378702658670036,42.554062390472716,0.7703252020500736,7.993988168322069,14.44864235903247,39.33313698915954,79.97109625541282,14.233921742086693
223.85383977463846,8.985366226005445,36.7142106712274,0.862006349012258,34.562333189299466,25.492086261520956,20.917279985010502,86.08663501512552,0.0
223.8781280758491,97.00643387146646,5.674564588347321,0.865711703740762,8.378326965225325,2.8278643273746473,21.40612433651854,43.51623073652537,20.958844767821482
239.50004992438994,80.87784820718458,22.00639902833525,0.9518180904966977,15.515424105227376,14.461607510518263,35.2827910249373,59.24861369629761,16.98071596121813
228.08871763559227,32.81809348659165,2.429318418617959,0.8030972871470553,25.167256530307704,21.391978651247697,27.15003295762645,26.65395757827951,0.0
218.98419291759927,98.09718128909081,24.56361718354744,0.841437905680416,39.822028076173865,39.84897972178555,42.9463322131956,34.03283334364513,9.922128494659924
228.09758064530774,62.1787510154506,33.45926657335234,0.9440173773344858,36.97346166193636,18.98134250489763,17.670292046880263,48.942603669711204,7.575006245531256
215.634280815192,60.33015252968841,6.806628556309426,0.9476696665797536,32.276717820526116,32.642270284572945,30.34576922428479,34.43419011312452,2.393920445254086
217.05547946024893,76.06695204580555,15.155362006549117,0.8423066582349044,7.788663029008508,17.28269140266471,42.55564591329364,81.35923435521022,14.432583861654486
229.9347109095792,82.11812986856307,20.49399464960569,0.8601897655888034,27.352267280778886,31.855628904788354,42.123409814385155,31.080037924136867,8.843653963387498
226.75701798018193,67.36546769649274,46.05702020814644,0.8227886138038278,4.3723250899942725,23.816592064804336,19.695876402472237,51.89625750871644,12.48977134463312
246.593836042724,17.169095904789003,49.66949575572524,0.9738131708206349,18.86815883983254,35.463817660095934,25.999131002893694,62.3989468321913,0.24063726590519963
224.49575596466534,37.135413069477345,3.200653650785177,0.7784745037779792,20.67582651449796,16.437702094004397,33.573642001400884,68.43047357125911,4.594006750567055
233.22353401112173,93.16794583097473,38.28938825127421,0.9740998615203528,1.9905719722876913,24.172176792859155,19.781846543142066,46.814855880855475,15.518232099758636
235.2905715167812,26.338483125165933,19.214479253714817,0.9141279484404824,13.699404973498591,25.200747224753094,44.04066516137216,80.836934810731,4.059716523341011
210.52377826353336,40.35586726456376,20.23045112524452,0.8775773166448155,47.78247336332447,16.69531767201893,42.44247986182981,59.78234057545479,0.0
236.54149488066844,46.04730387969862,37.95898369400411,0.757838174588279,47.681630391484475,5.772481747499261,20.008505371034076,50.76554463132862,0.0
217.12143867479006,46.74347402097296,46.002895175125026,0.864143086037282,17.616352712626966,3.742376276493422,18.634663837829564,24.70684438364256,10.837046388817663
248.4428126987782,63.22926033697993,47.595501130624875,0.8478595452006558,2.155005447416203,0.666862023985324,17.56225448424796,52.52826279116155,19.37703932370944
215.9465091101245,94.59220458574723,29.279006715877717,0.7886925148740294,8.954746966409077,34.94137056980858,42.28330992109893,77.45150885710112,15.299698372496216
226.58496494908096,27.86580762408797,18.49893680572464,0.9075383048401576,19.610889671677008,9.458996489547783,20.808714293863822,63.017871275492084,0.0
213.41398672314574,16.542630748587214,39.589905207080186,0.9830762177683886,47.38898489846149,8.460269971270723,27.48854785633064,78.25137176103829,0.7900398329563378
249.8749700738379,23.759696536694044,13.299067779852713,0.8849253146554861,7.059953176859246,29.44141601704262,28.465540969560088,54.58081694195139,0.7032677887976049
230.0878004132497,89.2578655198806,28.63962741284237,0.921540786346547,38.175792183410614,12.80064452349567,32.97033132640703,28.292319356613728,15.256177311263619
233.81540069280175,66.35202720224457,18.570344614718785,0.766428108615844,5.434126968734604,20.241787696473462,17.152060312422748,20.954789208511674,11.964153604711038
212.6830590955371,32.16114497772021,33.17492261168593,0.8502400789960787,49.06287886956384,6.500442611898252,21.80275852201548,41.22536827030139,0.0
239.9984188159671,82.51495920201864,12.779546731781839,0.777926036439479,19.080824955456748,38.38982885847877,42.94471160756778,68.85933300484547,10.577097779505252
218.39622372382343,86.83014965452642,10.388054341006463,0.8970710005287625,38.7617269449528,34.06325600068949,42.25230321805709,75.31819327591856,6.5300957144249585
245.92217157762855,85.41886217557641,45.99371524709642,0.9752357179713971,17.129554140556593,34.55158491860013,38.43871942217076,40.70269842342306,14.256088433278187
218.2055856192803,92.29802069575767,5.988380464527308,0.9088266557931932,31.383443857940435,16.270949942880208,15.582037368546462,54.6957744618273,13.299810144950259
217.62750882654666,28.96289691646935,25.79193747901165,0.7684327315954612,9.600804237001837,30.49444854828691,24.81020305488306,49.47832331038572,0.6188119496131945
211.4619867139238,76.72898323089643,11.821786365187437,0.8351198891964199,7.301050964848127,5.755046215591206,33.83876206028724,48.736594904599954,12.39170272169417
228.88267780439998,48.751252241043304,2.9075682029577052,0.8821592110658043,46.903206978406565,0.3447601036712111,23.25570635320427,36.194409924010536,1.0584672526745638
232.59364533050467,84.98986252455585,2.7649220962798933,0.8467698614719805,45.88236389522167,0.798917303121125,42.28760085161332,29.54597735206209,10.378068270262533
212.6283455771341,74.20661433035325,9.58586683318554,0.9500745625140413,44.37344701064412,23.464069496182418,34.01668385497325,33.76819907618492,5.141264861394394
241.02110466780042,78.76250741747384,43.47174737079401,0.9455210411303974,31.271672508329672,18.21579620991763,17.15720151949337,23.873267101434227,15.263693959576496
228.1315533899211,67.33537457970179,14.841458454874306,0.8968394448247732,40.413410560813915,20.72061395634079,42.27016766507109,33.86915192765039,3.5045422201280365
230.9756107731032,21.855733099622153,47.57249935818949,0.8396299068318492,3.4518468455687454,0.2985256166887762,43.732999745286676,20.644062833776562,8.962549381323663
227.63050987752914,56.77755729520914,29.499492356470483,0.8112807297031785,16.73945209453396,16.907464786297027,17.331372551751766,63.90808804451848,8.185752618705909
226.03052243501304,98.54362525482829,22.394095298669537,0.775409836371151,15.68515623785781,28.722726448034432,30.970807045839447,42.1462785171378,17.40965989527942
232.3856132523287,94.0518663172263,29.424352898803274,0.8351754440367729,31.78226609763066,17.707748078697435,24.100928466425113,88.1201297998836,13.161086790086708
216.2096098372285,9.101504900716108,26.31822087608712,0.8491614041298526,17.797888673532025,29.28876825248889,26.78517229444207,33.56019355434085,0.0
217.27712521981084,20.65740749429653,38.180036434108935,0.9121975020249776,7.42533908218404,9.320758575873391,20.389536538660256,44.20799992167157,6.125700158398975
244.4714248405407,17.51423347818338,14.84230723266976,0.9079583578314177,29.823353770677187,32.52568017926902,32.34216306037237,45.04888110490732,0.0
247.8446184853453,73.96809144860308,18.299469188414818,0.7668259535139017,40.719196033454075,23.53724961813809,43.73938059746672,20.59160472437224,5.9069488693751495
224.93237265119012,82.68960633640978,44.81062082412929,0.8448622357034778,19.10617472299866,8.430523977196248,30.092178008148274,78.74455671276212,16.27709175907783
220.82978692574216,25.28357979951383,47.37636914436987,0.7936269281321668,6.613435754924085,9.468819034153316,17.487437441834434,22.23961221010273,8.507401087623712
235.75998172956062,53.05600583042376,44.73535314683725,0.7876350492760333,9.834409865641152,25.12121858278148,33.60004000432225,85.81258843104689,13.019814686190253
226.34936684392386,84.866787661064,21.552951703908366,0.948552515936939,11.8741652584692,33.19758372849773,25.20668983353771,82.44520457655344,15.001781708676829
211.0154542264138,74.61614675279381,39.237909647337204,0.7600596520119018,14.994879649726812,16.625111281166205,40.67775568773894,57.486534126017446,14.806352390707353
216.2461038946476,56.512534521725584,24.340450931753843,0.8506038902165092,32.139753525315456,10.33201716510369,28.040344449494107,58.051690243790446,4.323632570453515
238.6388891538959,61.08303059358342,25.379452755159008,0.7903688773839643,30.04727422688595,34.68046427642402,20.78518826826737,65.76445460693094,3.0574576192907457
236.35695767640607,53.2942519570466,11.029325343806914,0.9610392517628338,34.80399307835196,26.770731670033395,20.733168680734348,47.093500835442086,1.8202769986651788
211.08383970013935,33.267102875287954,29.965384859667306,0.8836897231860084,18.125099226575657,17.92341949132306,38.062925421634816,65.30555983784988,5.420441024718481
218.87888647731796,58.67708932160653,10.120658989914048,0.8055313527304435,41.199882593998915,19.516007811172074,22.967627949220798,23.133787208194082,0.6207337500554536
219.24299186352286,70.44410369475861,17.246670254292496,0.8705825489199304,10.204383057788014,8.170258717455855,38.017001824776685,23.78333391448086,15.26425184241859
236.87570974394913,87.96567700677673,42.89647987937682,0.9255567263287479,23.452037375907697,25.072105202593757,21.176619322997983,52.006129373368104,14.321015005034424
210.78842151017457,65.44767862802857,11.146714651331905,0.9799483221406641,40.046936077071514,14.349700421715546,24.650591061039282,58.473561077422445,5.790408370531942
214.16434327938296,77.30654601910001,4.486755973498208,0.8029070410189005,9.007932386630962,39.82580706697397,28.96460917319098,82.14723482350733,8.788338727837221
241.99664341492758,20.206805320684435,4.381372038027999,0.9626836253110428,5.493155687039147,19.207340610475512,43.295875490803525,27.32624437355274,0.0
217.14178648217336,48.84796006988004,47.098441504652286,0.9742329874001976,44.18419838439949,19.43542424758453,42.95194274261474,77.58535490357225,9.682174919434509
236.109844314075,5.886503883573863,25.839101460129896,0.9699409306876958,17.146483137959795,22.634071496426877,21.206156262668635,34.70331361044487,0.0
219.52731124186906,28.434492129554187,21.061191519033898,0.9024994456468584,34.1935062454516,36.67024012474987,25.746571237292184,47.585855395702225,0.0
213.9776557103738,74.01386293573546,40.733050469388004,0.9011569570643299,1.267430213196924,32.03272399439001,19.48198165361317,42.1621704379189,14.577101968944724
219.72688763997817,99.22194537818953,41.955470467615285,0.8467705519641174,34.50234442047248,18.045202791913656,30.299552379404915,48.01086910057793,14.631224604115635
238.89067727422636,14.421919460785512,17.277360622664627,0.9305754917529091,15.805065577348525,28.747970638911838,28.817476520839996,30.53468486508099,0.0
244.22785872425143,43.14196000682239,34.98728481621597,0.8775105644042236,2.787042679372087,23.449419951230468,42.02280487352198,55.24990520824885,12.753291854817926
243.20879458267967,81.00674202642016,38.785017976742445,0.9125851370947906,30.49063807740585,19.694681948049958,42.90016133373218,76.11498128819571,16.44541350663399
225.8873411847382,24.38338528974539,33.07788365643177,0.8528298969237109,12.040190803658662,7.692630911374021,26.507021730218764,50.90738072652279,6.3642591819306515
236.72340546282584,57.733070183717196,8.428158665204869,0.9255591513703534,19.340362102594,18.55745053819564,29.752138290569683,54.34295031287394,9.228447148383877
218.19937181663283,74.6417731228191,43.91827109233579,0.9478731642250917,4.029040614325679,9.832743480902986,41.88708747438399,79.413730969692,19.434554222029888
221.72590921044053,63.51861777471701,27.415633084064428,0.7851447015846759,7.358162554747266,36.593685994066185,39.201234232351844,69.42406802466215,12.349682018664517
245.8534327408448,22.86234978846453,14.841148892130182,0.9499031317378147,14.898861774792188,13.416272539853878,15.109689340339479,54.33180859638493,0.0
210.52007694042945,38.761534025145245,21.836181086447002,0.8796711676296738,4.487975028007857,38.09056058133489,24.601786925507476,38.038695373242575,4.260019801997909
213.42034123417872,79.46021952611274,2.8409834295464615,0.9527198181816539,45.54131323431576,21.322211603788446,27.653227258083778,81.94487227914766,5.646844226858235
218.3154502058411,57.65151884254158,7.26547325989846,0.8535124095218435,0.3023521591989209,25.261775147046414,21.891488510496952,60.391428118339086,10.340438506690592
211.0612881549528,5.49681328657671,38.511790775277184,0.8409697164919284,24.19301094321557,21.71761777957311,20.98714847687816,35.48033270774854,0.0
217.2574174035919,77.29412220266892,1.000570103012941,0.9696145758041333,6.1623729066275725,5.175224678668036,16.13353519787039,38.83838268466073,11.693097690268084
233.32166243878768,8.354578719322712,21.411725595632316,0.8102806242116163,15.383954473897427,15.032848760317638,34.301091752092816,76.21931622553721,0.4176383910624209
226.8569820236999,75.84470935946706,26.602998873193833,0.9526109580686744,46.30297799091328,3.9658444911049573,22.87530871449497,23.090189346121882,10.901584698309069
245.706868443079,24.235653215697553,3.6770865800476424,0.866164937402257,8.084727663699343,24.91816176733527,16.570415352939392,89.4464530920174,3.9786549780680476
242.69774246953764,96.01698061134113,48.68082998564431,0.8733829062123023,48.29161598591663,17.87496780801756,21.92937931584191,29.124617580035427,11.436792576882164
223.67269406791505,39.954371373698024,12.080141231233926,0.8240323875574762,10.289718849471086,31.11939886283747,39.057418585083795,75.72479677778563,6.10855077763183
220.3769373372517,36.058503552117514,15.905737262177762,0.8875301281485637,37.078305423341476,8.818819239974793,40.5446754493964,47.6342721740178,6.666877206062235
225.18769632669068,19.144364781582244,15.893183100496339,0.8280506871062907,27.333863244865586,6.582642337173397,29.49198735579908,54.45513283012268,0.0
233.61179770059232,34.03240047157041,12.290416443750145,0.7594246594179965,44.22393637983796,16.253289238550714,27.482120112260585,81.64554042252044,0.0
220.72254563291506,88.28182237367905,1.0722172822292593,0.8152796652826455,27.699662775156547,37.063415328735246,44.33561080505345,48.903783271244926,6.29697586241103
234.96595631396536,99.65176207458849,36.73789491031182,0.7515309704175818,26.727960957815434,28.41687260049647,21.016939787642098,57.62456275712641,12.74144933680364
226.37646608764962,39.989405398150595,48.37542949016498,0.9848051488936456,9.772900018419994,16.756944991716747,21.460778485638254,23.450976368641896,11.485142320855715
232.0818872340792,47.618009940681546,11.990380680967208,0.9817793303567394,8.311468102582936,20.69088679017242,23.756015311091993,20.164323170721723,7.288038669768215
227.44506116541265,73.59673912926002,33.4893123983677,0.8448372713933532,45.82445755577571,3.3685204470839336,20.18271954843262,37.13599111012081,11.940207291970141
221.7786303816767,89.18859914418208,37.35292002097704,0.924809005041515,16.391909942501705,39.383035855044525,26.380967946125597,67.6408165043137,11.932276459975943
247.93813227848625,61.33921174774449,42.57284357543571,0.832993463618502,18.604112748144797,26.65629218779676,42.325026809692616,28.48854253513957,7.844298162049844
240.54423176639042,42.19494132689379,21.708830653666848,0.9110623577006343,37.99118292141942,11.4161627385369,33.46043521885723,27.96333711631846,5.993719613395916
215.6045270306581,44.19907488061926,15.843614376381034,0.943303210331035,16.941174121140367,23.432335768609775,27.35839645836791,48.76724256251323,0.489181416374179
244.73871903591652,71.08372391719665,16.939461567128525,0.9772214987261377,47.60312233195014,4.379294642759759,43.032323837136445,65.34859270257586,10.260447474440234
229.49724792998055,5.305735042406475,35.91844532182713,0.8460509462039213,36.89638844994001,38.63346675230334,16.45392697427467,69.84503945735514,0.0
245.78208907576365,63.86098705868486,41.02219385877616,0.9379915159094514,29.871462128671,6.9913995153346375,21.308285337055842,32.49154718688624,12.84315285597221
241.99421023789262,38.77183599192895,9.89908442007353,0.8138228281517085,44.04475802723763,25.921212722208566,31.97665815305277,25.571170316042974,0.0
227.00854017876935,80.448746471323,19.176109399730496,0.9876797529104756,2.480295417474138,9.818178501557217,33.46657869579538,85.8277923761881,19.544912424895752
210.8987723328047,13.834110783197556,45.195069640708354,0.7561847037034443,12.853134609460437,28.70245530594143,16.186725196878395,38.24664677934712,0.5574886371120804
220.74709437539784,60.8792153600971,40.52798246504222,0.894846913560269,23.251816711045496,31.07285468961124,27.091162737213963,79.73425483261067,8.443131762793119
231.66536858643468,50.69242453918176,49.258061735361316,0.9082814355963185,11.34892697357605,26.936789156457305,34.47461894492618,80.44440153239728,12.330325133872725
235.3391287930459,66.02092496099661,37.958164724421955,0.9151309336977909,37.195259365107596,24.5799784102077,35.94211639210205,74.07658142337812,6.607321548438728
220.3155074173281,11.161091475881992,20.26656485036819,0.7788930189093813,45.96040155268626,35.69876375808047,34.14419707548808,31.818352465679908,0.0
215.57424296291296,60.09845980567247,29.94125386573725,0.9752471480335513,21.18850599654617,3.1450684395903217,24.616896730827737,77.52610214779402,12.640727273890688
243.39720947197196,58.341035856154754,33.389698458118694,0.7934839869720198,17.10663000559475,13.236590631207807,17.805603707937287,73.84753914691106,11.54353210794987
249.37608722814207,58.26270896953624,4.844334999539074,0.8994608167775618,48.07753660687831,9.93149918523384,27.813373392580022,61.770609307435194,2.582130956607271
231.02760729210743,62.331328326663204,27.680350996089388,0.8034422589895404,22.242621641377042,39.52055848261686,18.862633121041664,43.6041424618267,7.477098459424461
216.86717143393213,69.26445403650442,35.75672059515787,0.823731940085105,24.45242002246416,15.57559118667494,43.42870975562001,38.37560229865809,10.379610920992082
220.89229306077476,81.47395496967313,9.198743896051958,0.8811500500147498,17.582493617095267,29.304507969615948,29.255125980678848,28.53224484562513,10.883590700350958
210.73562706189867,30.63296841218036,39.2509541538523,0.8501264204554984,45.477423650606916,27.389006555240183,24.51777523070603,55.682994683061,0.0
246.57195226241996,83.3796939671059,29.60486624519147,0.7884541442343616,28.447774164092536,8.483249499095109,37.989122133567,60.96826128568926,12.113940024041952
214.71004331560565,52.33428981502809,47.658867499182136,0.7910247365810036,38.10872935908223,9.559907208462054,29.938457777467917,45.1537293361051,7.4719940838560595
233.06065902057014,12.320536517761461,3.078692612137693,0.8503547491590719,40.590335917544316,11.251382542121364,24.3010207203735,53.2751347376608,0.0
220.96220882748824,10.562338278178025,14.000980740217882,0.9317479147861202,17.09245209586291,16.445091130375168,39.35903227172405,45.446012015848666,0.0
232.16712010063173,36.752640276125774,30.47614008569138,0.9655115152434692,21.684716566019002,9.373002626021073,41.01456453003366,64.87042401244909,6.307554714269063
236.05681553407456,79.56521282558941,15.531435698090604,0.7701906389422519,42.423588720313234,0.7860593098739121,35.19024498866031,83.08814454575943,10.573587176247903
243.18967214828808,72.229688800387,36.00678403949087,0.8443449378142562,18.16276758379051,35.17572227228782,16.40893267223002,31.47441834328614,9.085490569570087
218.25685087042413,79.91842164387862,38.191258843574616,0.7740589352934903,39.696756672592564,38.62439325523536,31.989686404995965,46.69861669321864,4.952001120503563
210.43983314633923,54.14056036195289,6.023282239257248,0.7539821953518235,47.04961612872186,13.662815481262719,37.89884735991845,29.860802276560293,0.0
215.4754252027523,46.8189048057716,26.17886874613162,0.9088124838345496,31.16051865340035,13.540275177018914,19.095090362507463,63.74606392854824,0.6431928790420782
246.0007456739242,19.007990037096974,25.935637223961738,0.894587866071981,37.08136437259444,0.2836725109748395,21.8601225415381,71.0209356642017,0.0
244.95560310250062,36.1783115928846,19.094757740561512,0.7891245873155727,40.254865602056746,27.210027533214962,41.47485315204409,85.23389128182191,0.0
233.89652408681232,46.23183978651815,46.713318265913934,0.8061150799423353,42.25198244483212,33.01759582994515,15.603651655592222,39.52103483826754,0.0
234.02067441734613,13.417040819563637,41.54780967378784,0.7556898608746844,19.752666892839798,5.8643320144001265,37.58181413477928,86.5147844105801,5.689902416591293
236.60146698185022,25.958135507565068,35.1632597135722,0.9503873293666569,2.5631729587999086,6.38665397468603,29.213198775432687,24.428387027447236,11.27699259834072
217.01485114493798,61.831402936055184,36.00200515101488,0.9839257430516524,20.093813561836978,31.60332999885751,28.403164765188208,62.21097043552117,10.902076850419906
246.57647783699838,74.88799585272304,23.624091046842835,0.7825102888307258,33.68781148920449,24.651629934165786,15.212895974846615,23.9992903540331,10.776826960046776
226.75082099568291,99.84301358233022,46.128731533732214,0.8055540513036715,22.51751928903964,1.7944223051086805,39.58194692899478,82.56419314333614,19.890453743991124
225.3255411299799,93.64576647763798,35.03517593541098,0.9584182857472642,37.448157543019924,24.901879618491268,25.794747019096995,57.086633994903785,15.089481621562598
230.7567082113135,66.0436939558432,36.720072021135,0.9723513115094844,17.849121473433193,12.356708913750643,31.222968939016287,66.85438455339573,13.459681764191828
211.8786386710022,45.01856506293684,43.22285428557992,0.8507105718736345,31.737207055201477,14.749006218833838,35.31902059006978,78.21017481373167,10.54766314844194
216.65133475024317,65.43684964728212,14.429507877767358,0.7621493933445778,9.320990242698729,30.789256731875206,36.07888729313747,30.521743573877814,11.53655322883123
239.5213446570548,79.63690371762203,40.54647428946845,0.7594540400862767,37.46847183224784,32.43740770690442,43.67940176478217,22.701409335669368,8.389459900984688
213.31194671700507,16.241938137721796,10.56678954486811,0.8877479678565625,27.284798440651294,16.014265073593226,30.940198597098274,81.52168021389966,0.0
234.12608437865552,43.940964521147386,17.921755659999505,0.844294826134363,10.20321942733003,37.88611744025419,26.991586529232826,42.04532592212527,6.82266239644642
219.81396438725284,84.78121713538363,17.444912259222292,0.7568765826186371,14.595558674890363,16.25850871808289,43.61110879475124,29.028523554901568,12.378103846430141
225.57182456167905,41.464130433639184,48.94774795106789,0.8899805741550136,37.43043542909162,30.873441409204396,34.26330705076563,52.792286596096055,1.5017012208512288
221.547749470828,59.32786576658272,42.97032396364842,0.7527126087813654,24.130061783076034,19.355090582570362,23.944510688296667,61.88142529872132,9.406582253051704
224.22690865859798,60.83808928190883,35.357323217922726,0.9389692699558255,10.80157201965361,35.90129306088336,18.793927362107134,22.16794223957571,9.895782564363833
238.7618362073698,22.52524404769574,36.625781319154115,0.8235438774488092,48.36355951851488,36.310449746007144,40.27663504395544,39.24269607799614,0.0
221.884868624927,39.4123669569674,28.541566925725984,0.7596619207222157,35.75625099084439,3.4966723148433543,25.865448083824546,22.29599119938272,1.446384836267019
232.65618561187588,36.77857243048355,47.40744268831744,0.8912045330359568,47.85674162698981,37.45973325240903,34.814091640932936,49.42347724368493,0.0
229.042016087964,7.4886873105461556,25.316678891235714,0.8454442594639331,21.35525226801716,33.02139366081663,29.124492580976945,82.6570020346371,0.0
236.5468466145059,7.298217569678748,19.64536778362483,0.9837120992057159,23.755017034586025,31.652428572506675,20.96789339385115,88.78566880454984,0.0
247.47318957299032,84.01121914919848,8.988731509647959,0.8806076790008885,44.89776080925096,8.036453587420898,33.05059825861395,64.59332874525393,10.223064770088317
239.30288388841,30.94172694741718,39.52407696079184,0.816057403448882,26.252467012269232,32.2047683501866,16.82049206852047,31.314638564921427,3.627534428951747
218.59761514363026,54.21748279268747,36.98775267170398,0.920265327512154,35.36394559528336,34.005309387401475,27.400273796135767,83.40945729995141,2.39418283345429
211.2473254024514,33.378929490933444,19.83339688768261,0.8151580806102507,12.608643874776499,11.566013378166037,31.39844818991013,56.137347624004235,2.935072873666805
220.49056177199301,94.36452828595735,2.2344772840022387,0.9670183899378156,22.336323435132027,38.09040313449295,28.081409223557372,30.762451847204268,11.432488801970166
233.8031172280102,29.633192092248507,42.11086905818252,0.8399332729217703,6.172493290517755,1.99440585596657,37.460165257529724,84.5208668616163,10.204587629147237
212.05703253937003,45.817397210198834,1.5594811892496079,0.8819684550662892,10.299001793848085,5.9963701298855865,39.83774863635937,73.02283355061721,9.297635586424587
229.85464988804947,87.90937379603717,35.48128920182349,0.7621375449178149,0.04717076338155435,21.503245522060574,38.13729222099534,71.2193690906206,16.070186478619817
233.87371395667557,84.98368884522182,48.5425983765768,0.8522690971085354,1.9632525824330116,23.03169884489239,16.164388434354063,69.64264926560833,21.490495013609316
223.36975563267845,22.679634695396345,22.44540507926197,0.9497672495186388,48.86419115884647,25.806003332036134,20.82386311337917,34.02378747675096,0.0
240.8364881498329,81.2511144305925,12.513696844801686,0.943355713287202,12.117684756838115,0.6787651726186583,31.09822527791323,34.77046841952682,18.662445621118252
214.26393012535087,48.5277542400998,35.5386794921257,0.8038364541248463,33.165535475200095,38.41467098488521,43.044661213314036,68.18050988990785,4.168302463072484
213.00551126943236,50.882042848108746,41.039278958763674,0.804258977042535,41.95498493998058,1.7835237093657597,40.04870325156351,35.38059250772778,4.0515272695150815
239.12755024814413,17.68059737951466,27.77508548781452,0.9461532749311768,27.533022961828213,5.722478108936095,40.276035250554045,50.70701877621342,4.577035488417534
229.81965264824794,12.657143806926843,48.384728487551165,0.9732956208406381,7.65722500419781,0.5605807010422792,24.096245812790247,74.7401277915759,9.353486932882122
237.53609585710944,74.15423416250769,3.531767361240094,0.7728866211055209,36.40582186680832,22.674337331763788,27.883436912361077,74.87667626684888,6.40577060129422
227.39309354414985,52.163809473753474,25.734984316921878,0.8580140734622941,30.012570504979152,37.29067535683889,29.12117841947812,51.728324076810175,2.5798127317009496
219.85608132956426,46.500816748442055,36.20424341880496,0.830989026951415,36.562529467368755,26.637886643218568,19.721147500497313,75.45329567926716,0.0
242.76409270696797,74.30328172197768,43.269383086309766,0.9589652293097854,38.48733114285436,32.90629873921709,15.93204390733369,78.70352573386398,8.504651830379867
241.97663515875917,77.72372540415543,9.783524983481712,0.7700459795232045,48.770518384237256,0.5312481383432033,43.4070869838155,65.83430258989821,6.545589336313829
237.7878588341771,20.09627592858859,40.200170606420386,0.800670226213929,28.6781640013355,21.680611939189042,22.2213775699052,35.98980966158941,0.0
220.8858054891985,62.971389200375924,28.082646710208717,0.9305924010207587,17.082055634530093,18.382519100220875,22.19846711170894,39.180824626988326,10.932947041939443
233.60922667476348,17.858637816380124,20.431130417508196,0.7623105237554917,32.42322784501185,19.958717768831722,17.501371613062787,42.03888087861148,0.0
224.43895587760107,76.38063317275935,7.454036400375585,0.8682084913714294,3.4220354621313067,2.888527413407518,42.85523255831336,28.176287541376638,15.004770504524684
213.66328293306537,67.41073984537826,43.39949218653671,0.8561056883231328,44.86986591607931,27.3774144427723,32.39211344819316,39.12117342589616,3.0920306781352784
246.69254301848972,95.8783890029285,8.706387200806052,0.8302562829572997,5.969050566909839,20.128816594345377,35.011105713760614,34.66634570187725,16.614658551738025
215.47274523675844,11.551011553860011,16.179605101245862,0.8446973556765417,16.392141894290912,30.60595399445056,42.347306617891576,51.87301248660215,0.2113938301682916
248.0094941528321,10.420198509369161,15.212231066159408,0.877185740863256,40.787269031306046,19.411625362468612,25.368605067023687,83.59062835105854,0.0
227.84023091831824,31.807772095854013,43.69928767535186,0.7887281660132119,29.865618916535592,5.975265449057283,33.645219334142524,27.313622172777066,3.8688828352256848
